"cast_date","cast_month","cast_year","moon","currency","model","data_set","species","estimate","lower_pi","upper_pi","start_moon","end_moon","cast_id","cast_group","confidence_level"
"2020-06-18",2,2020,528,"abundance","simplexEDM","exclosures_interp","BA",0.0476190476190478,-0.854854750513052,0.950092845751148,217,531,939,38,0.95
"2020-06-18",3,2020,529,"abundance","simplexEDM","exclosures_interp","BA",0.0476190476190474,-0.854854750513049,0.950092845751143,217,531,939,38,0.95
"2020-06-18",4,2020,530,"abundance","simplexEDM","exclosures_interp","BA",0.0476190476190474,-0.854854750513049,0.950092845751143,217,531,939,38,0.95
"2020-06-18",5,2020,531,"abundance","simplexEDM","exclosures_interp","BA",0.0476190476190474,-0.854854750513049,0.950092845751143,217,531,939,38,0.95
"2020-06-18",6,2020,532,"abundance","simplexEDM","exclosures_interp","BA",0.0476190476190474,-0.854854750513049,0.950092845751143,217,531,939,38,0.95
"2020-06-18",7,2020,533,"abundance","simplexEDM","exclosures_interp","BA",0.0476190476190474,-0.854854750513049,0.950092845751143,217,531,939,38,0.95
"2020-06-18",8,2020,534,"abundance","simplexEDM","exclosures_interp","BA",0.0476190476190474,-0.854854750513049,0.950092845751143,217,531,939,38,0.95
"2020-06-18",9,2020,535,"abundance","simplexEDM","exclosures_interp","BA",0.0476190476190474,-0.854854750513049,0.950092845751143,217,531,939,38,0.95
"2020-06-18",10,2020,536,"abundance","simplexEDM","exclosures_interp","BA",0.0476190476190474,-0.854854750513049,0.950092845751143,217,531,939,38,0.95
"2020-06-18",11,2020,537,"abundance","simplexEDM","exclosures_interp","BA",0.0476190476190474,-0.854854750513049,0.950092845751143,217,531,939,38,0.95
"2020-06-18",12,2020,538,"abundance","simplexEDM","exclosures_interp","BA",0.0476190476190474,-0.854854750513049,0.950092845751143,217,531,939,38,0.95
"2020-06-18",1,2021,539,"abundance","simplexEDM","exclosures_interp","BA",0.0476190476190474,-0.854854750513049,0.950092845751143,217,531,939,38,0.95
"2020-06-18",2,2021,540,"abundance","simplexEDM","exclosures_interp","BA",0.0476190476190474,-0.854854750513049,0.950092845751143,217,531,939,38,0.95
"2020-06-18",3,2021,541,"abundance","simplexEDM","exclosures_interp","BA",0.0476190476190474,-0.854854750513049,0.950092845751143,217,531,939,38,0.95
"2020-06-18",4,2021,542,"abundance","simplexEDM","exclosures_interp","BA",0.0476190476190474,-0.854854750513049,0.950092845751143,217,531,939,38,0.95
"2020-06-18",5,2021,543,"abundance","simplexEDM","exclosures_interp","BA",0.0476190476190474,-0.854854750513049,0.950092845751143,217,531,939,38,0.95
"2020-06-18",2,2020,528,"abundance","simplexEDM","exclosures_interp","DM",1.015625,-0.627569412461033,2.65881941246103,217,531,939,38,0.95
"2020-06-18",3,2020,529,"abundance","simplexEDM","exclosures_interp","DM",1.015625,-0.627569412461032,2.65881941246103,217,531,939,38,0.95
"2020-06-18",4,2020,530,"abundance","simplexEDM","exclosures_interp","DM",1.015625,-0.627569412461032,2.65881941246103,217,531,939,38,0.95
"2020-06-18",5,2020,531,"abundance","simplexEDM","exclosures_interp","DM",1.015625,-0.627569412461032,2.65881941246103,217,531,939,38,0.95
"2020-06-18",6,2020,532,"abundance","simplexEDM","exclosures_interp","DM",1.015625,-0.627569412461032,2.65881941246103,217,531,939,38,0.95
"2020-06-18",7,2020,533,"abundance","simplexEDM","exclosures_interp","DM",1.015625,-0.627569412461032,2.65881941246103,217,531,939,38,0.95
"2020-06-18",8,2020,534,"abundance","simplexEDM","exclosures_interp","DM",1.015625,-0.627569412461032,2.65881941246103,217,531,939,38,0.95
"2020-06-18",9,2020,535,"abundance","simplexEDM","exclosures_interp","DM",1.015625,-0.627569412461032,2.65881941246103,217,531,939,38,0.95
"2020-06-18",10,2020,536,"abundance","simplexEDM","exclosures_interp","DM",1.015625,-0.627569412461032,2.65881941246103,217,531,939,38,0.95
"2020-06-18",11,2020,537,"abundance","simplexEDM","exclosures_interp","DM",1.015625,-0.627569412461032,2.65881941246103,217,531,939,38,0.95
"2020-06-18",12,2020,538,"abundance","simplexEDM","exclosures_interp","DM",1.015625,-0.627569412461032,2.65881941246103,217,531,939,38,0.95
"2020-06-18",1,2021,539,"abundance","simplexEDM","exclosures_interp","DM",1.015625,-0.627569412461032,2.65881941246103,217,531,939,38,0.95
"2020-06-18",2,2021,540,"abundance","simplexEDM","exclosures_interp","DM",1.015625,-0.627569412461032,2.65881941246103,217,531,939,38,0.95
"2020-06-18",3,2021,541,"abundance","simplexEDM","exclosures_interp","DM",1.015625,-0.627569412461032,2.65881941246103,217,531,939,38,0.95
"2020-06-18",4,2021,542,"abundance","simplexEDM","exclosures_interp","DM",1.015625,-0.627569412461032,2.65881941246103,217,531,939,38,0.95
"2020-06-18",5,2021,543,"abundance","simplexEDM","exclosures_interp","DM",1.015625,-0.627569412461032,2.65881941246103,217,531,939,38,0.95
"2020-06-18",2,2020,528,"abundance","simplexEDM","exclosures_interp","DO",0.0731707317073173,-0.596085263013678,0.742426726428312,217,531,939,38,0.95
"2020-06-18",3,2020,529,"abundance","simplexEDM","exclosures_interp","DO",0.0731707317073171,-0.596085263013678,0.742426726428313,217,531,939,38,0.95
"2020-06-18",4,2020,530,"abundance","simplexEDM","exclosures_interp","DO",0.0731707317073171,-0.596085263013678,0.742426726428313,217,531,939,38,0.95
"2020-06-18",5,2020,531,"abundance","simplexEDM","exclosures_interp","DO",0.0731707317073171,-0.596085263013678,0.742426726428313,217,531,939,38,0.95
"2020-06-18",6,2020,532,"abundance","simplexEDM","exclosures_interp","DO",0.0731707317073171,-0.596085263013678,0.742426726428313,217,531,939,38,0.95
"2020-06-18",7,2020,533,"abundance","simplexEDM","exclosures_interp","DO",0.0731707317073171,-0.596085263013678,0.742426726428313,217,531,939,38,0.95
"2020-06-18",8,2020,534,"abundance","simplexEDM","exclosures_interp","DO",0.0731707317073171,-0.596085263013678,0.742426726428313,217,531,939,38,0.95
"2020-06-18",9,2020,535,"abundance","simplexEDM","exclosures_interp","DO",0.0731707317073171,-0.596085263013678,0.742426726428313,217,531,939,38,0.95
"2020-06-18",10,2020,536,"abundance","simplexEDM","exclosures_interp","DO",0.0731707317073171,-0.596085263013678,0.742426726428313,217,531,939,38,0.95
"2020-06-18",11,2020,537,"abundance","simplexEDM","exclosures_interp","DO",0.0731707317073171,-0.596085263013678,0.742426726428313,217,531,939,38,0.95
"2020-06-18",12,2020,538,"abundance","simplexEDM","exclosures_interp","DO",0.0731707317073171,-0.596085263013678,0.742426726428313,217,531,939,38,0.95
"2020-06-18",1,2021,539,"abundance","simplexEDM","exclosures_interp","DO",0.0731707317073171,-0.596085263013678,0.742426726428313,217,531,939,38,0.95
"2020-06-18",2,2021,540,"abundance","simplexEDM","exclosures_interp","DO",0.0731707317073171,-0.596085263013678,0.742426726428313,217,531,939,38,0.95
"2020-06-18",3,2021,541,"abundance","simplexEDM","exclosures_interp","DO",0.0731707317073171,-0.596085263013678,0.742426726428313,217,531,939,38,0.95
"2020-06-18",4,2021,542,"abundance","simplexEDM","exclosures_interp","DO",0.0731707317073171,-0.596085263013678,0.742426726428313,217,531,939,38,0.95
"2020-06-18",5,2021,543,"abundance","simplexEDM","exclosures_interp","DO",0.0731707317073171,-0.596085263013678,0.742426726428313,217,531,939,38,0.95
"2020-06-18",2,2020,528,"abundance","simplexEDM","exclosures_interp","DS",0,0,0,217,531,939,38,0.95
"2020-06-18",3,2020,529,"abundance","simplexEDM","exclosures_interp","DS",0,0,0,217,531,939,38,0.95
"2020-06-18",4,2020,530,"abundance","simplexEDM","exclosures_interp","DS",0,0,0,217,531,939,38,0.95
"2020-06-18",5,2020,531,"abundance","simplexEDM","exclosures_interp","DS",0,0,0,217,531,939,38,0.95
"2020-06-18",6,2020,532,"abundance","simplexEDM","exclosures_interp","DS",0,0,0,217,531,939,38,0.95
"2020-06-18",7,2020,533,"abundance","simplexEDM","exclosures_interp","DS",0,0,0,217,531,939,38,0.95
"2020-06-18",8,2020,534,"abundance","simplexEDM","exclosures_interp","DS",0,0,0,217,531,939,38,0.95
"2020-06-18",9,2020,535,"abundance","simplexEDM","exclosures_interp","DS",0,0,0,217,531,939,38,0.95
"2020-06-18",10,2020,536,"abundance","simplexEDM","exclosures_interp","DS",0,0,0,217,531,939,38,0.95
"2020-06-18",11,2020,537,"abundance","simplexEDM","exclosures_interp","DS",0,0,0,217,531,939,38,0.95
"2020-06-18",12,2020,538,"abundance","simplexEDM","exclosures_interp","DS",0,0,0,217,531,939,38,0.95
"2020-06-18",1,2021,539,"abundance","simplexEDM","exclosures_interp","DS",0,0,0,217,531,939,38,0.95
"2020-06-18",2,2021,540,"abundance","simplexEDM","exclosures_interp","DS",0,0,0,217,531,939,38,0.95
"2020-06-18",3,2021,541,"abundance","simplexEDM","exclosures_interp","DS",0,0,0,217,531,939,38,0.95
"2020-06-18",4,2021,542,"abundance","simplexEDM","exclosures_interp","DS",0,0,0,217,531,939,38,0.95
"2020-06-18",5,2021,543,"abundance","simplexEDM","exclosures_interp","DS",0,0,0,217,531,939,38,0.95
"2020-06-18",2,2020,528,"abundance","simplexEDM","exclosures_interp","NA",0.0204081632653061,-0.256714873651307,0.29753120018192,217,531,939,38,0.95
"2020-06-18",3,2020,529,"abundance","simplexEDM","exclosures_interp","NA",0.0204081632653061,-0.256714873651307,0.29753120018192,217,531,939,38,0.95
"2020-06-18",4,2020,530,"abundance","simplexEDM","exclosures_interp","NA",0.0204081632653061,-0.256714873651307,0.29753120018192,217,531,939,38,0.95
"2020-06-18",5,2020,531,"abundance","simplexEDM","exclosures_interp","NA",0.0204081632653061,-0.256714873651307,0.29753120018192,217,531,939,38,0.95
"2020-06-18",6,2020,532,"abundance","simplexEDM","exclosures_interp","NA",0.0204081632653061,-0.256714873651307,0.29753120018192,217,531,939,38,0.95
"2020-06-18",7,2020,533,"abundance","simplexEDM","exclosures_interp","NA",0.0204081632653061,-0.256714873651307,0.29753120018192,217,531,939,38,0.95
"2020-06-18",8,2020,534,"abundance","simplexEDM","exclosures_interp","NA",0.0204081632653061,-0.256714873651307,0.29753120018192,217,531,939,38,0.95
"2020-06-18",9,2020,535,"abundance","simplexEDM","exclosures_interp","NA",0.0204081632653061,-0.256714873651307,0.29753120018192,217,531,939,38,0.95
"2020-06-18",10,2020,536,"abundance","simplexEDM","exclosures_interp","NA",0.0204081632653061,-0.256714873651307,0.29753120018192,217,531,939,38,0.95
"2020-06-18",11,2020,537,"abundance","simplexEDM","exclosures_interp","NA",0.0204081632653061,-0.256714873651307,0.29753120018192,217,531,939,38,0.95
"2020-06-18",12,2020,538,"abundance","simplexEDM","exclosures_interp","NA",0.0204081632653061,-0.256714873651307,0.29753120018192,217,531,939,38,0.95
"2020-06-18",1,2021,539,"abundance","simplexEDM","exclosures_interp","NA",0.0204081632653061,-0.256714873651307,0.29753120018192,217,531,939,38,0.95
"2020-06-18",2,2021,540,"abundance","simplexEDM","exclosures_interp","NA",0.0204081632653061,-0.256714873651307,0.29753120018192,217,531,939,38,0.95
"2020-06-18",3,2021,541,"abundance","simplexEDM","exclosures_interp","NA",0.0204081632653061,-0.256714873651307,0.29753120018192,217,531,939,38,0.95
"2020-06-18",4,2021,542,"abundance","simplexEDM","exclosures_interp","NA",0.0204081632653061,-0.256714873651307,0.29753120018192,217,531,939,38,0.95
"2020-06-18",5,2021,543,"abundance","simplexEDM","exclosures_interp","NA",0.0204081632653061,-0.256714873651307,0.29753120018192,217,531,939,38,0.95
"2020-06-18",2,2020,528,"abundance","simplexEDM","exclosures_interp","OL",0.0266666666666667,-0.289097799090494,0.342431132423828,217,531,939,38,0.95
"2020-06-18",3,2020,529,"abundance","simplexEDM","exclosures_interp","OL",0.0266666666666667,-0.289097799090494,0.342431132423827,217,531,939,38,0.95
"2020-06-18",4,2020,530,"abundance","simplexEDM","exclosures_interp","OL",0.0266666666666667,-0.289097799090494,0.342431132423827,217,531,939,38,0.95
"2020-06-18",5,2020,531,"abundance","simplexEDM","exclosures_interp","OL",0.0266666666666667,-0.289097799090494,0.342431132423827,217,531,939,38,0.95
"2020-06-18",6,2020,532,"abundance","simplexEDM","exclosures_interp","OL",0.0266666666666667,-0.289097799090494,0.342431132423827,217,531,939,38,0.95
"2020-06-18",7,2020,533,"abundance","simplexEDM","exclosures_interp","OL",0.0266666666666667,-0.289097799090494,0.342431132423827,217,531,939,38,0.95
"2020-06-18",8,2020,534,"abundance","simplexEDM","exclosures_interp","OL",0.0266666666666667,-0.289097799090494,0.342431132423827,217,531,939,38,0.95
"2020-06-18",9,2020,535,"abundance","simplexEDM","exclosures_interp","OL",0.0266666666666667,-0.289097799090494,0.342431132423827,217,531,939,38,0.95
"2020-06-18",10,2020,536,"abundance","simplexEDM","exclosures_interp","OL",0.0266666666666667,-0.289097799090494,0.342431132423827,217,531,939,38,0.95
"2020-06-18",11,2020,537,"abundance","simplexEDM","exclosures_interp","OL",0.0266666666666667,-0.289097799090494,0.342431132423827,217,531,939,38,0.95
"2020-06-18",12,2020,538,"abundance","simplexEDM","exclosures_interp","OL",0.0266666666666667,-0.289097799090494,0.342431132423827,217,531,939,38,0.95
"2020-06-18",1,2021,539,"abundance","simplexEDM","exclosures_interp","OL",0.0266666666666667,-0.289097799090494,0.342431132423827,217,531,939,38,0.95
"2020-06-18",2,2021,540,"abundance","simplexEDM","exclosures_interp","OL",0.0266666666666667,-0.289097799090494,0.342431132423827,217,531,939,38,0.95
"2020-06-18",3,2021,541,"abundance","simplexEDM","exclosures_interp","OL",0.0266666666666667,-0.289097799090494,0.342431132423827,217,531,939,38,0.95
"2020-06-18",4,2021,542,"abundance","simplexEDM","exclosures_interp","OL",0.0266666666666667,-0.289097799090494,0.342431132423827,217,531,939,38,0.95
"2020-06-18",5,2021,543,"abundance","simplexEDM","exclosures_interp","OL",0.0266666666666667,-0.289097799090494,0.342431132423827,217,531,939,38,0.95
"2020-06-18",2,2020,528,"abundance","simplexEDM","exclosures_interp","OT",0.537414965986394,-1.62262764495313,2.69745757692592,217,531,939,38,0.95
"2020-06-18",3,2020,529,"abundance","simplexEDM","exclosures_interp","OT",1.04545454545454,-1.65038545208216,3.74129454299125,217,531,939,38,0.95
"2020-06-18",4,2020,530,"abundance","simplexEDM","exclosures_interp","OT",1.04545454545454,-1.65038545208216,3.74129454299125,217,531,939,38,0.95
"2020-06-18",5,2020,531,"abundance","simplexEDM","exclosures_interp","OT",1.04545454545454,-1.65038545208216,3.74129454299125,217,531,939,38,0.95
"2020-06-18",6,2020,532,"abundance","simplexEDM","exclosures_interp","OT",1.04545454545454,-1.65038545208216,3.74129454299125,217,531,939,38,0.95
"2020-06-18",7,2020,533,"abundance","simplexEDM","exclosures_interp","OT",1.04545454545454,-1.65038545208216,3.74129454299125,217,531,939,38,0.95
"2020-06-18",8,2020,534,"abundance","simplexEDM","exclosures_interp","OT",1.04545454545454,-1.65038545208216,3.74129454299125,217,531,939,38,0.95
"2020-06-18",9,2020,535,"abundance","simplexEDM","exclosures_interp","OT",1.04545454545454,-1.65038545208216,3.74129454299125,217,531,939,38,0.95
"2020-06-18",10,2020,536,"abundance","simplexEDM","exclosures_interp","OT",1.04545454545454,-1.65038545208216,3.74129454299125,217,531,939,38,0.95
"2020-06-18",11,2020,537,"abundance","simplexEDM","exclosures_interp","OT",1.04545454545454,-1.65038545208216,3.74129454299125,217,531,939,38,0.95
"2020-06-18",12,2020,538,"abundance","simplexEDM","exclosures_interp","OT",1.04545454545454,-1.65038545208216,3.74129454299125,217,531,939,38,0.95
"2020-06-18",1,2021,539,"abundance","simplexEDM","exclosures_interp","OT",1.04545454545454,-1.65038545208216,3.74129454299125,217,531,939,38,0.95
"2020-06-18",2,2021,540,"abundance","simplexEDM","exclosures_interp","OT",1.04545454545454,-1.65038545208216,3.74129454299125,217,531,939,38,0.95
"2020-06-18",3,2021,541,"abundance","simplexEDM","exclosures_interp","OT",1.04545454545454,-1.65038545208216,3.74129454299125,217,531,939,38,0.95
"2020-06-18",4,2021,542,"abundance","simplexEDM","exclosures_interp","OT",1.04545454545454,-1.65038545208216,3.74129454299125,217,531,939,38,0.95
"2020-06-18",5,2021,543,"abundance","simplexEDM","exclosures_interp","OT",1.04545454545454,-1.65038545208216,3.74129454299125,217,531,939,38,0.95
"2020-06-18",2,2020,528,"abundance","simplexEDM","exclosures_interp","PB",2.56,-0.16032833904019,5.28032833904019,217,531,939,38,0.95
"2020-06-18",3,2020,529,"abundance","simplexEDM","exclosures_interp","PB",2.86206896551724,0.757147193300949,4.96699073773353,217,531,939,38,0.95
"2020-06-18",4,2020,530,"abundance","simplexEDM","exclosures_interp","PB",2.86206896551724,0.757147193300949,4.96699073773353,217,531,939,38,0.95
"2020-06-18",5,2020,531,"abundance","simplexEDM","exclosures_interp","PB",2.86206896551724,0.757147193300949,4.96699073773353,217,531,939,38,0.95
"2020-06-18",6,2020,532,"abundance","simplexEDM","exclosures_interp","PB",2.86206896551724,0.757147193300949,4.96699073773353,217,531,939,38,0.95
"2020-06-18",7,2020,533,"abundance","simplexEDM","exclosures_interp","PB",2.86206896551724,0.757147193300949,4.96699073773353,217,531,939,38,0.95
"2020-06-18",8,2020,534,"abundance","simplexEDM","exclosures_interp","PB",2.86206896551724,0.757147193300949,4.96699073773353,217,531,939,38,0.95
"2020-06-18",9,2020,535,"abundance","simplexEDM","exclosures_interp","PB",2.86206896551724,0.757147193300949,4.96699073773353,217,531,939,38,0.95
"2020-06-18",10,2020,536,"abundance","simplexEDM","exclosures_interp","PB",2.86206896551724,0.757147193300949,4.96699073773353,217,531,939,38,0.95
"2020-06-18",11,2020,537,"abundance","simplexEDM","exclosures_interp","PB",2.86206896551724,0.757147193300949,4.96699073773353,217,531,939,38,0.95
"2020-06-18",12,2020,538,"abundance","simplexEDM","exclosures_interp","PB",2.86206896551724,0.757147193300949,4.96699073773353,217,531,939,38,0.95
"2020-06-18",1,2021,539,"abundance","simplexEDM","exclosures_interp","PB",2.86206896551724,0.757147193300949,4.96699073773353,217,531,939,38,0.95
"2020-06-18",2,2021,540,"abundance","simplexEDM","exclosures_interp","PB",2.86206896551724,0.757147193300949,4.96699073773353,217,531,939,38,0.95
"2020-06-18",3,2021,541,"abundance","simplexEDM","exclosures_interp","PB",2.86206896551724,0.757147193300949,4.96699073773353,217,531,939,38,0.95
"2020-06-18",4,2021,542,"abundance","simplexEDM","exclosures_interp","PB",2.86206896551724,0.757147193300949,4.96699073773353,217,531,939,38,0.95
"2020-06-18",5,2021,543,"abundance","simplexEDM","exclosures_interp","PB",2.86206896551724,0.757147193300949,4.96699073773353,217,531,939,38,0.95
"2020-06-18",2,2020,528,"abundance","simplexEDM","exclosures_interp","PE",0.549781290038297,-0.760095037632763,1.85965761770936,217,531,939,38,0.95
"2020-06-18",3,2020,529,"abundance","simplexEDM","exclosures_interp","PE",0.777841715360093,-0.776699960108839,2.33238339082902,217,531,939,38,0.95
"2020-06-18",4,2020,530,"abundance","simplexEDM","exclosures_interp","PE",0.722088231263986,-0.860742321981559,2.30491878450953,217,531,939,38,0.95
"2020-06-18",5,2020,531,"abundance","simplexEDM","exclosures_interp","PE",0.71492703908963,-1.12136535226358,2.55121943044284,217,531,939,38,0.95
"2020-06-18",6,2020,532,"abundance","simplexEDM","exclosures_interp","PE",0.328343406436037,-0.592076243998219,1.24876305687029,217,531,939,38,0.95
"2020-06-18",7,2020,533,"abundance","simplexEDM","exclosures_interp","PE",0.4,-1.16797118763204,1.96797118763204,217,531,939,38,0.95
"2020-06-18",8,2020,534,"abundance","simplexEDM","exclosures_interp","PE",0.166666666666667,-0.563768783813818,0.897102117147151,217,531,939,38,0.95
"2020-06-18",9,2020,535,"abundance","simplexEDM","exclosures_interp","PE",0.444444444444445,-0.728303230310691,1.61719211919958,217,531,939,38,0.95
"2020-06-18",10,2020,536,"abundance","simplexEDM","exclosures_interp","PE",0.136752136752137,-0.627983073453902,0.901487346958176,217,531,939,38,0.95
"2020-06-18",11,2020,537,"abundance","simplexEDM","exclosures_interp","PE",0.136752136752137,-0.627983073453902,0.901487346958176,217,531,939,38,0.95
"2020-06-18",12,2020,538,"abundance","simplexEDM","exclosures_interp","PE",0.136752136752137,-0.627983073453902,0.901487346958176,217,531,939,38,0.95
"2020-06-18",1,2021,539,"abundance","simplexEDM","exclosures_interp","PE",0.136752136752137,-0.627983073453902,0.901487346958176,217,531,939,38,0.95
"2020-06-18",2,2021,540,"abundance","simplexEDM","exclosures_interp","PE",0.136752136752137,-0.627983073453902,0.901487346958176,217,531,939,38,0.95
"2020-06-18",3,2021,541,"abundance","simplexEDM","exclosures_interp","PE",0.136752136752137,-0.627983073453902,0.901487346958176,217,531,939,38,0.95
"2020-06-18",4,2021,542,"abundance","simplexEDM","exclosures_interp","PE",0.136752136752137,-0.627983073453902,0.901487346958176,217,531,939,38,0.95
"2020-06-18",5,2021,543,"abundance","simplexEDM","exclosures_interp","PE",0.136752136752137,-0.627983073453902,0.901487346958176,217,531,939,38,0.95
"2020-06-18",2,2020,528,"abundance","simplexEDM","exclosures_interp","PF",0.1375,-0.878271544256293,1.15327154425629,217,531,939,38,0.95
"2020-06-18",3,2020,529,"abundance","simplexEDM","exclosures_interp","PF",0.1375,-0.878271544256292,1.15327154425629,217,531,939,38,0.95
"2020-06-18",4,2020,530,"abundance","simplexEDM","exclosures_interp","PF",0.1375,-0.878271544256292,1.15327154425629,217,531,939,38,0.95
"2020-06-18",5,2020,531,"abundance","simplexEDM","exclosures_interp","PF",0.1375,-0.878271544256292,1.15327154425629,217,531,939,38,0.95
"2020-06-18",6,2020,532,"abundance","simplexEDM","exclosures_interp","PF",0.1375,-0.878271544256292,1.15327154425629,217,531,939,38,0.95
"2020-06-18",7,2020,533,"abundance","simplexEDM","exclosures_interp","PF",0.1375,-0.878271544256292,1.15327154425629,217,531,939,38,0.95
"2020-06-18",8,2020,534,"abundance","simplexEDM","exclosures_interp","PF",0.1375,-0.878271544256292,1.15327154425629,217,531,939,38,0.95
"2020-06-18",9,2020,535,"abundance","simplexEDM","exclosures_interp","PF",0.1375,-0.878271544256292,1.15327154425629,217,531,939,38,0.95
"2020-06-18",10,2020,536,"abundance","simplexEDM","exclosures_interp","PF",0.1375,-0.878271544256292,1.15327154425629,217,531,939,38,0.95
"2020-06-18",11,2020,537,"abundance","simplexEDM","exclosures_interp","PF",0.1375,-0.878271544256292,1.15327154425629,217,531,939,38,0.95
"2020-06-18",12,2020,538,"abundance","simplexEDM","exclosures_interp","PF",0.1375,-0.878271544256292,1.15327154425629,217,531,939,38,0.95
"2020-06-18",1,2021,539,"abundance","simplexEDM","exclosures_interp","PF",0.1375,-0.878271544256292,1.15327154425629,217,531,939,38,0.95
"2020-06-18",2,2021,540,"abundance","simplexEDM","exclosures_interp","PF",0.1375,-0.878271544256292,1.15327154425629,217,531,939,38,0.95
"2020-06-18",3,2021,541,"abundance","simplexEDM","exclosures_interp","PF",0.1375,-0.878271544256292,1.15327154425629,217,531,939,38,0.95
"2020-06-18",4,2021,542,"abundance","simplexEDM","exclosures_interp","PF",0.1375,-0.878271544256292,1.15327154425629,217,531,939,38,0.95
"2020-06-18",5,2021,543,"abundance","simplexEDM","exclosures_interp","PF",0.1375,-0.878271544256292,1.15327154425629,217,531,939,38,0.95
"2020-06-18",2,2020,528,"abundance","simplexEDM","exclosures_interp","PH",0.00649350649350648,-0.150931270077891,0.163918283064904,217,531,939,38,0.95
"2020-06-18",3,2020,529,"abundance","simplexEDM","exclosures_interp","PH",0.00649350649350649,-0.150931270077892,0.163918283064905,217,531,939,38,0.95
"2020-06-18",4,2020,530,"abundance","simplexEDM","exclosures_interp","PH",0.00649350649350649,-0.150931270077892,0.163918283064905,217,531,939,38,0.95
"2020-06-18",5,2020,531,"abundance","simplexEDM","exclosures_interp","PH",0.00649350649350649,-0.150931270077892,0.163918283064905,217,531,939,38,0.95
"2020-06-18",6,2020,532,"abundance","simplexEDM","exclosures_interp","PH",0.00649350649350649,-0.150931270077892,0.163918283064905,217,531,939,38,0.95
"2020-06-18",7,2020,533,"abundance","simplexEDM","exclosures_interp","PH",0.00649350649350649,-0.150931270077892,0.163918283064905,217,531,939,38,0.95
"2020-06-18",8,2020,534,"abundance","simplexEDM","exclosures_interp","PH",0.00649350649350649,-0.150931270077892,0.163918283064905,217,531,939,38,0.95
"2020-06-18",9,2020,535,"abundance","simplexEDM","exclosures_interp","PH",0.00649350649350649,-0.150931270077892,0.163918283064905,217,531,939,38,0.95
"2020-06-18",10,2020,536,"abundance","simplexEDM","exclosures_interp","PH",0.00649350649350649,-0.150931270077892,0.163918283064905,217,531,939,38,0.95
"2020-06-18",11,2020,537,"abundance","simplexEDM","exclosures_interp","PH",0.00649350649350649,-0.150931270077892,0.163918283064905,217,531,939,38,0.95
"2020-06-18",12,2020,538,"abundance","simplexEDM","exclosures_interp","PH",0.00649350649350649,-0.150931270077892,0.163918283064905,217,531,939,38,0.95
"2020-06-18",1,2021,539,"abundance","simplexEDM","exclosures_interp","PH",0.00649350649350649,-0.150931270077892,0.163918283064905,217,531,939,38,0.95
"2020-06-18",2,2021,540,"abundance","simplexEDM","exclosures_interp","PH",0.00649350649350649,-0.150931270077892,0.163918283064905,217,531,939,38,0.95
"2020-06-18",3,2021,541,"abundance","simplexEDM","exclosures_interp","PH",0.00649350649350649,-0.150931270077892,0.163918283064905,217,531,939,38,0.95
"2020-06-18",4,2021,542,"abundance","simplexEDM","exclosures_interp","PH",0.00649350649350649,-0.150931270077892,0.163918283064905,217,531,939,38,0.95
"2020-06-18",5,2021,543,"abundance","simplexEDM","exclosures_interp","PH",0.00649350649350649,-0.150931270077892,0.163918283064905,217,531,939,38,0.95
"2020-06-18",2,2020,528,"abundance","simplexEDM","exclosures_interp","PL",0.0221402214022141,-0.351849358114768,0.396129800919196,217,531,939,38,0.95
"2020-06-18",3,2020,529,"abundance","simplexEDM","exclosures_interp","PL",0.0221402214022139,-0.351849358114766,0.396129800919194,217,531,939,38,0.95
"2020-06-18",4,2020,530,"abundance","simplexEDM","exclosures_interp","PL",0.0221402214022139,-0.351849358114766,0.396129800919194,217,531,939,38,0.95
"2020-06-18",5,2020,531,"abundance","simplexEDM","exclosures_interp","PL",0.0221402214022139,-0.351849358114766,0.396129800919194,217,531,939,38,0.95
"2020-06-18",6,2020,532,"abundance","simplexEDM","exclosures_interp","PL",0.0221402214022139,-0.351849358114766,0.396129800919194,217,531,939,38,0.95
"2020-06-18",7,2020,533,"abundance","simplexEDM","exclosures_interp","PL",0.0221402214022139,-0.351849358114766,0.396129800919194,217,531,939,38,0.95
"2020-06-18",8,2020,534,"abundance","simplexEDM","exclosures_interp","PL",0.0221402214022139,-0.351849358114766,0.396129800919194,217,531,939,38,0.95
"2020-06-18",9,2020,535,"abundance","simplexEDM","exclosures_interp","PL",0.0221402214022139,-0.351849358114766,0.396129800919194,217,531,939,38,0.95
"2020-06-18",10,2020,536,"abundance","simplexEDM","exclosures_interp","PL",0.0221402214022139,-0.351849358114766,0.396129800919194,217,531,939,38,0.95
"2020-06-18",11,2020,537,"abundance","simplexEDM","exclosures_interp","PL",0.0221402214022139,-0.351849358114766,0.396129800919194,217,531,939,38,0.95
"2020-06-18",12,2020,538,"abundance","simplexEDM","exclosures_interp","PL",0.0221402214022139,-0.351849358114766,0.396129800919194,217,531,939,38,0.95
"2020-06-18",1,2021,539,"abundance","simplexEDM","exclosures_interp","PL",0.0221402214022139,-0.351849358114766,0.396129800919194,217,531,939,38,0.95
"2020-06-18",2,2021,540,"abundance","simplexEDM","exclosures_interp","PL",0.0221402214022139,-0.351849358114766,0.396129800919194,217,531,939,38,0.95
"2020-06-18",3,2021,541,"abundance","simplexEDM","exclosures_interp","PL",0.0221402214022139,-0.351849358114766,0.396129800919194,217,531,939,38,0.95
"2020-06-18",4,2021,542,"abundance","simplexEDM","exclosures_interp","PL",0.0221402214022139,-0.351849358114766,0.396129800919194,217,531,939,38,0.95
"2020-06-18",5,2021,543,"abundance","simplexEDM","exclosures_interp","PL",0.0221402214022139,-0.351849358114766,0.396129800919194,217,531,939,38,0.95
"2020-06-18",2,2020,528,"abundance","simplexEDM","exclosures_interp","PM",0.0607734806629836,-0.490737929603938,0.612284890929905,217,531,939,38,0.95
"2020-06-18",3,2020,529,"abundance","simplexEDM","exclosures_interp","PM",0.0607734806629832,-0.490737929603935,0.612284890929901,217,531,939,38,0.95
"2020-06-18",4,2020,530,"abundance","simplexEDM","exclosures_interp","PM",0.0607734806629832,-0.490737929603935,0.612284890929901,217,531,939,38,0.95
"2020-06-18",5,2020,531,"abundance","simplexEDM","exclosures_interp","PM",0.0607734806629832,-0.490737929603935,0.612284890929901,217,531,939,38,0.95
"2020-06-18",6,2020,532,"abundance","simplexEDM","exclosures_interp","PM",0.0607734806629832,-0.490737929603935,0.612284890929901,217,531,939,38,0.95
"2020-06-18",7,2020,533,"abundance","simplexEDM","exclosures_interp","PM",0.0607734806629832,-0.490737929603935,0.612284890929901,217,531,939,38,0.95
"2020-06-18",8,2020,534,"abundance","simplexEDM","exclosures_interp","PM",0.0607734806629832,-0.490737929603935,0.612284890929901,217,531,939,38,0.95
"2020-06-18",9,2020,535,"abundance","simplexEDM","exclosures_interp","PM",0.0607734806629832,-0.490737929603935,0.612284890929901,217,531,939,38,0.95
"2020-06-18",10,2020,536,"abundance","simplexEDM","exclosures_interp","PM",0.0607734806629832,-0.490737929603935,0.612284890929901,217,531,939,38,0.95
"2020-06-18",11,2020,537,"abundance","simplexEDM","exclosures_interp","PM",0.0607734806629832,-0.490737929603935,0.612284890929901,217,531,939,38,0.95
"2020-06-18",12,2020,538,"abundance","simplexEDM","exclosures_interp","PM",0.0607734806629832,-0.490737929603935,0.612284890929901,217,531,939,38,0.95
"2020-06-18",1,2021,539,"abundance","simplexEDM","exclosures_interp","PM",0.0607734806629832,-0.490737929603935,0.612284890929901,217,531,939,38,0.95
"2020-06-18",2,2021,540,"abundance","simplexEDM","exclosures_interp","PM",0.0607734806629832,-0.490737929603935,0.612284890929901,217,531,939,38,0.95
"2020-06-18",3,2021,541,"abundance","simplexEDM","exclosures_interp","PM",0.0607734806629832,-0.490737929603935,0.612284890929901,217,531,939,38,0.95
"2020-06-18",4,2021,542,"abundance","simplexEDM","exclosures_interp","PM",0.0607734806629832,-0.490737929603935,0.612284890929901,217,531,939,38,0.95
"2020-06-18",5,2021,543,"abundance","simplexEDM","exclosures_interp","PM",0.0607734806629832,-0.490737929603935,0.612284890929901,217,531,939,38,0.95
"2020-06-18",2,2020,528,"abundance","simplexEDM","exclosures_interp","PP",1.16279069767442,-2.52050194972821,4.84608334507705,217,531,939,38,0.95
"2020-06-18",3,2020,529,"abundance","simplexEDM","exclosures_interp","PP",2.03703703703704,-2.98069424538548,7.05476831945956,217,531,939,38,0.95
"2020-06-18",4,2020,530,"abundance","simplexEDM","exclosures_interp","PP",2.64705882352941,-2.38104719099415,7.67516483805297,217,531,939,38,0.95
"2020-06-18",5,2020,531,"abundance","simplexEDM","exclosures_interp","PP",5.8,-3.59147988993945,15.1914798899394,217,531,939,38,0.95
"2020-06-18",6,2020,532,"abundance","simplexEDM","exclosures_interp","PP",5.56521739130435,-0.295500614393614,11.4259353970023,217,531,939,38,0.95
"2020-06-18",7,2020,533,"abundance","simplexEDM","exclosures_interp","PP",5.56521739130435,-0.295500614393614,11.4259353970023,217,531,939,38,0.95
"2020-06-18",8,2020,534,"abundance","simplexEDM","exclosures_interp","PP",5.56521739130435,-0.295500614393614,11.4259353970023,217,531,939,38,0.95
"2020-06-18",9,2020,535,"abundance","simplexEDM","exclosures_interp","PP",5.56521739130435,-0.295500614393614,11.4259353970023,217,531,939,38,0.95
"2020-06-18",10,2020,536,"abundance","simplexEDM","exclosures_interp","PP",5.56521739130435,-0.295500614393614,11.4259353970023,217,531,939,38,0.95
"2020-06-18",11,2020,537,"abundance","simplexEDM","exclosures_interp","PP",5.56521739130435,-0.295500614393614,11.4259353970023,217,531,939,38,0.95
"2020-06-18",12,2020,538,"abundance","simplexEDM","exclosures_interp","PP",5.56521739130435,-0.295500614393614,11.4259353970023,217,531,939,38,0.95
"2020-06-18",1,2021,539,"abundance","simplexEDM","exclosures_interp","PP",5.56521739130435,-0.295500614393614,11.4259353970023,217,531,939,38,0.95
"2020-06-18",2,2021,540,"abundance","simplexEDM","exclosures_interp","PP",5.56521739130435,-0.295500614393614,11.4259353970023,217,531,939,38,0.95
"2020-06-18",3,2021,541,"abundance","simplexEDM","exclosures_interp","PP",5.56521739130435,-0.295500614393614,11.4259353970023,217,531,939,38,0.95
"2020-06-18",4,2021,542,"abundance","simplexEDM","exclosures_interp","PP",5.56521739130435,-0.295500614393614,11.4259353970023,217,531,939,38,0.95
"2020-06-18",5,2021,543,"abundance","simplexEDM","exclosures_interp","PP",5.56521739130435,-0.295500614393614,11.4259353970023,217,531,939,38,0.95
"2020-06-18",2,2020,528,"abundance","simplexEDM","exclosures_interp","RF",0.00649350649350648,-0.150931270077891,0.163918283064904,217,531,939,38,0.95
"2020-06-18",3,2020,529,"abundance","simplexEDM","exclosures_interp","RF",0.00649350649350649,-0.150931270077892,0.163918283064905,217,531,939,38,0.95
"2020-06-18",4,2020,530,"abundance","simplexEDM","exclosures_interp","RF",0.00649350649350649,-0.150931270077892,0.163918283064905,217,531,939,38,0.95
"2020-06-18",5,2020,531,"abundance","simplexEDM","exclosures_interp","RF",0.00649350649350649,-0.150931270077892,0.163918283064905,217,531,939,38,0.95
"2020-06-18",6,2020,532,"abundance","simplexEDM","exclosures_interp","RF",0.00649350649350649,-0.150931270077892,0.163918283064905,217,531,939,38,0.95
"2020-06-18",7,2020,533,"abundance","simplexEDM","exclosures_interp","RF",0.00649350649350649,-0.150931270077892,0.163918283064905,217,531,939,38,0.95
"2020-06-18",8,2020,534,"abundance","simplexEDM","exclosures_interp","RF",0.00649350649350649,-0.150931270077892,0.163918283064905,217,531,939,38,0.95
"2020-06-18",9,2020,535,"abundance","simplexEDM","exclosures_interp","RF",0.00649350649350649,-0.150931270077892,0.163918283064905,217,531,939,38,0.95
"2020-06-18",10,2020,536,"abundance","simplexEDM","exclosures_interp","RF",0.00649350649350649,-0.150931270077892,0.163918283064905,217,531,939,38,0.95
"2020-06-18",11,2020,537,"abundance","simplexEDM","exclosures_interp","RF",0.00649350649350649,-0.150931270077892,0.163918283064905,217,531,939,38,0.95
"2020-06-18",12,2020,538,"abundance","simplexEDM","exclosures_interp","RF",0.00649350649350649,-0.150931270077892,0.163918283064905,217,531,939,38,0.95
"2020-06-18",1,2021,539,"abundance","simplexEDM","exclosures_interp","RF",0.00649350649350649,-0.150931270077892,0.163918283064905,217,531,939,38,0.95
"2020-06-18",2,2021,540,"abundance","simplexEDM","exclosures_interp","RF",0.00649350649350649,-0.150931270077892,0.163918283064905,217,531,939,38,0.95
"2020-06-18",3,2021,541,"abundance","simplexEDM","exclosures_interp","RF",0.00649350649350649,-0.150931270077892,0.163918283064905,217,531,939,38,0.95
"2020-06-18",4,2021,542,"abundance","simplexEDM","exclosures_interp","RF",0.00649350649350649,-0.150931270077892,0.163918283064905,217,531,939,38,0.95
"2020-06-18",5,2021,543,"abundance","simplexEDM","exclosures_interp","RF",0.00649350649350649,-0.150931270077892,0.163918283064905,217,531,939,38,0.95
"2020-06-18",2,2020,528,"abundance","simplexEDM","exclosures_interp","RM",1.05405405405405,-2.10122789223407,4.20933600034218,217,531,939,38,0.95
"2020-06-18",3,2020,529,"abundance","simplexEDM","exclosures_interp","RM",1.05405405405405,-2.10122789223407,4.20933600034218,217,531,939,38,0.95
"2020-06-18",4,2020,530,"abundance","simplexEDM","exclosures_interp","RM",1.05405405405405,-2.10122789223407,4.20933600034218,217,531,939,38,0.95
"2020-06-18",5,2020,531,"abundance","simplexEDM","exclosures_interp","RM",1.05405405405405,-2.10122789223407,4.20933600034218,217,531,939,38,0.95
"2020-06-18",6,2020,532,"abundance","simplexEDM","exclosures_interp","RM",1.05405405405405,-2.10122789223407,4.20933600034218,217,531,939,38,0.95
"2020-06-18",7,2020,533,"abundance","simplexEDM","exclosures_interp","RM",1.05405405405405,-2.10122789223407,4.20933600034218,217,531,939,38,0.95
"2020-06-18",8,2020,534,"abundance","simplexEDM","exclosures_interp","RM",1.05405405405405,-2.10122789223407,4.20933600034218,217,531,939,38,0.95
"2020-06-18",9,2020,535,"abundance","simplexEDM","exclosures_interp","RM",1.05405405405405,-2.10122789223407,4.20933600034218,217,531,939,38,0.95
"2020-06-18",10,2020,536,"abundance","simplexEDM","exclosures_interp","RM",1.05405405405405,-2.10122789223407,4.20933600034218,217,531,939,38,0.95
"2020-06-18",11,2020,537,"abundance","simplexEDM","exclosures_interp","RM",1.05405405405405,-2.10122789223407,4.20933600034218,217,531,939,38,0.95
"2020-06-18",12,2020,538,"abundance","simplexEDM","exclosures_interp","RM",1.05405405405405,-2.10122789223407,4.20933600034218,217,531,939,38,0.95
"2020-06-18",1,2021,539,"abundance","simplexEDM","exclosures_interp","RM",1.05405405405405,-2.10122789223407,4.20933600034218,217,531,939,38,0.95
"2020-06-18",2,2021,540,"abundance","simplexEDM","exclosures_interp","RM",1.05405405405405,-2.10122789223407,4.20933600034218,217,531,939,38,0.95
"2020-06-18",3,2021,541,"abundance","simplexEDM","exclosures_interp","RM",1.05405405405405,-2.10122789223407,4.20933600034218,217,531,939,38,0.95
"2020-06-18",4,2021,542,"abundance","simplexEDM","exclosures_interp","RM",1.05405405405405,-2.10122789223407,4.20933600034218,217,531,939,38,0.95
"2020-06-18",5,2021,543,"abundance","simplexEDM","exclosures_interp","RM",1.05405405405405,-2.10122789223407,4.20933600034218,217,531,939,38,0.95
"2020-06-18",2,2020,528,"abundance","simplexEDM","exclosures_interp","RO",0.0187265917602997,-0.246961737292113,0.284414920812712,217,531,939,38,0.95
"2020-06-18",3,2020,529,"abundance","simplexEDM","exclosures_interp","RO",0.0187265917602995,-0.246961737292112,0.284414920812711,217,531,939,38,0.95
"2020-06-18",4,2020,530,"abundance","simplexEDM","exclosures_interp","RO",0.0187265917602995,-0.246961737292112,0.284414920812711,217,531,939,38,0.95
"2020-06-18",5,2020,531,"abundance","simplexEDM","exclosures_interp","RO",0.0187265917602995,-0.246961737292112,0.284414920812711,217,531,939,38,0.95
"2020-06-18",6,2020,532,"abundance","simplexEDM","exclosures_interp","RO",0.0187265917602995,-0.246961737292112,0.284414920812711,217,531,939,38,0.95
"2020-06-18",7,2020,533,"abundance","simplexEDM","exclosures_interp","RO",0.0187265917602995,-0.246961737292112,0.284414920812711,217,531,939,38,0.95
"2020-06-18",8,2020,534,"abundance","simplexEDM","exclosures_interp","RO",0.0187265917602995,-0.246961737292112,0.284414920812711,217,531,939,38,0.95
"2020-06-18",9,2020,535,"abundance","simplexEDM","exclosures_interp","RO",0.0187265917602995,-0.246961737292112,0.284414920812711,217,531,939,38,0.95
"2020-06-18",10,2020,536,"abundance","simplexEDM","exclosures_interp","RO",0.0187265917602995,-0.246961737292112,0.284414920812711,217,531,939,38,0.95
"2020-06-18",11,2020,537,"abundance","simplexEDM","exclosures_interp","RO",0.0187265917602995,-0.246961737292112,0.284414920812711,217,531,939,38,0.95
"2020-06-18",12,2020,538,"abundance","simplexEDM","exclosures_interp","RO",0.0187265917602995,-0.246961737292112,0.284414920812711,217,531,939,38,0.95
"2020-06-18",1,2021,539,"abundance","simplexEDM","exclosures_interp","RO",0.0187265917602995,-0.246961737292112,0.284414920812711,217,531,939,38,0.95
"2020-06-18",2,2021,540,"abundance","simplexEDM","exclosures_interp","RO",0.0187265917602995,-0.246961737292112,0.284414920812711,217,531,939,38,0.95
"2020-06-18",3,2021,541,"abundance","simplexEDM","exclosures_interp","RO",0.0187265917602995,-0.246961737292112,0.284414920812711,217,531,939,38,0.95
"2020-06-18",4,2021,542,"abundance","simplexEDM","exclosures_interp","RO",0.0187265917602995,-0.246961737292112,0.284414920812711,217,531,939,38,0.95
"2020-06-18",5,2021,543,"abundance","simplexEDM","exclosures_interp","RO",0.0187265917602995,-0.246961737292112,0.284414920812711,217,531,939,38,0.95
"2020-06-18",2,2020,528,"abundance","simplexEDM","exclosures_interp","SF",0.0163265306122448,-0.288718679446437,0.321371740670927,217,531,939,38,0.95
"2020-06-18",3,2020,529,"abundance","simplexEDM","exclosures_interp","SF",0.0163265306122449,-0.288718679446438,0.321371740670928,217,531,939,38,0.95
"2020-06-18",4,2020,530,"abundance","simplexEDM","exclosures_interp","SF",0.0163265306122449,-0.288718679446438,0.321371740670928,217,531,939,38,0.95
"2020-06-18",5,2020,531,"abundance","simplexEDM","exclosures_interp","SF",0.0163265306122449,-0.288718679446438,0.321371740670928,217,531,939,38,0.95
"2020-06-18",6,2020,532,"abundance","simplexEDM","exclosures_interp","SF",0.0163265306122449,-0.288718679446438,0.321371740670928,217,531,939,38,0.95
"2020-06-18",7,2020,533,"abundance","simplexEDM","exclosures_interp","SF",0.0163265306122449,-0.288718679446438,0.321371740670928,217,531,939,38,0.95
"2020-06-18",8,2020,534,"abundance","simplexEDM","exclosures_interp","SF",0.0163265306122449,-0.288718679446438,0.321371740670928,217,531,939,38,0.95
"2020-06-18",9,2020,535,"abundance","simplexEDM","exclosures_interp","SF",0.0163265306122449,-0.288718679446438,0.321371740670928,217,531,939,38,0.95
"2020-06-18",10,2020,536,"abundance","simplexEDM","exclosures_interp","SF",0.0163265306122449,-0.288718679446438,0.321371740670928,217,531,939,38,0.95
"2020-06-18",11,2020,537,"abundance","simplexEDM","exclosures_interp","SF",0.0163265306122449,-0.288718679446438,0.321371740670928,217,531,939,38,0.95
"2020-06-18",12,2020,538,"abundance","simplexEDM","exclosures_interp","SF",0.0163265306122449,-0.288718679446438,0.321371740670928,217,531,939,38,0.95
"2020-06-18",1,2021,539,"abundance","simplexEDM","exclosures_interp","SF",0.0163265306122449,-0.288718679446438,0.321371740670928,217,531,939,38,0.95
"2020-06-18",2,2021,540,"abundance","simplexEDM","exclosures_interp","SF",0.0163265306122449,-0.288718679446438,0.321371740670928,217,531,939,38,0.95
"2020-06-18",3,2021,541,"abundance","simplexEDM","exclosures_interp","SF",0.0163265306122449,-0.288718679446438,0.321371740670928,217,531,939,38,0.95
"2020-06-18",4,2021,542,"abundance","simplexEDM","exclosures_interp","SF",0.0163265306122449,-0.288718679446438,0.321371740670928,217,531,939,38,0.95
"2020-06-18",5,2021,543,"abundance","simplexEDM","exclosures_interp","SF",0.0163265306122449,-0.288718679446438,0.321371740670928,217,531,939,38,0.95
"2020-06-18",2,2020,528,"abundance","simplexEDM","exclosures_interp","SH",0.0315315315315317,-0.400351822903836,0.4634148859669,217,531,939,38,0.95
"2020-06-18",3,2020,529,"abundance","simplexEDM","exclosures_interp","SH",0.0315315315315317,-0.400351822903838,0.463414885966901,217,531,939,38,0.95
"2020-06-18",4,2020,530,"abundance","simplexEDM","exclosures_interp","SH",0.0315315315315317,-0.400351822903838,0.463414885966901,217,531,939,38,0.95
"2020-06-18",5,2020,531,"abundance","simplexEDM","exclosures_interp","SH",0.0315315315315317,-0.400351822903838,0.463414885966901,217,531,939,38,0.95
"2020-06-18",6,2020,532,"abundance","simplexEDM","exclosures_interp","SH",0.0315315315315317,-0.400351822903838,0.463414885966901,217,531,939,38,0.95
"2020-06-18",7,2020,533,"abundance","simplexEDM","exclosures_interp","SH",0.0315315315315317,-0.400351822903838,0.463414885966901,217,531,939,38,0.95
"2020-06-18",8,2020,534,"abundance","simplexEDM","exclosures_interp","SH",0.0315315315315317,-0.400351822903838,0.463414885966901,217,531,939,38,0.95
"2020-06-18",9,2020,535,"abundance","simplexEDM","exclosures_interp","SH",0.0315315315315317,-0.400351822903838,0.463414885966901,217,531,939,38,0.95
"2020-06-18",10,2020,536,"abundance","simplexEDM","exclosures_interp","SH",0.0315315315315317,-0.400351822903838,0.463414885966901,217,531,939,38,0.95
"2020-06-18",11,2020,537,"abundance","simplexEDM","exclosures_interp","SH",0.0315315315315317,-0.400351822903838,0.463414885966901,217,531,939,38,0.95
"2020-06-18",12,2020,538,"abundance","simplexEDM","exclosures_interp","SH",0.0315315315315317,-0.400351822903838,0.463414885966901,217,531,939,38,0.95
"2020-06-18",1,2021,539,"abundance","simplexEDM","exclosures_interp","SH",0.0315315315315317,-0.400351822903838,0.463414885966901,217,531,939,38,0.95
"2020-06-18",2,2021,540,"abundance","simplexEDM","exclosures_interp","SH",0.0315315315315317,-0.400351822903838,0.463414885966901,217,531,939,38,0.95
"2020-06-18",3,2021,541,"abundance","simplexEDM","exclosures_interp","SH",0.0315315315315317,-0.400351822903838,0.463414885966901,217,531,939,38,0.95
"2020-06-18",4,2021,542,"abundance","simplexEDM","exclosures_interp","SH",0.0315315315315317,-0.400351822903838,0.463414885966901,217,531,939,38,0.95
"2020-06-18",5,2021,543,"abundance","simplexEDM","exclosures_interp","SH",0.0315315315315317,-0.400351822903838,0.463414885966901,217,531,939,38,0.95
"2020-06-18",2,2020,528,"abundance","simplexEDM","exclosures_interp","SO",0,0,0,217,531,939,38,0.95
"2020-06-18",3,2020,529,"abundance","simplexEDM","exclosures_interp","SO",0,0,0,217,531,939,38,0.95
"2020-06-18",4,2020,530,"abundance","simplexEDM","exclosures_interp","SO",0,0,0,217,531,939,38,0.95
"2020-06-18",5,2020,531,"abundance","simplexEDM","exclosures_interp","SO",0,0,0,217,531,939,38,0.95
"2020-06-18",6,2020,532,"abundance","simplexEDM","exclosures_interp","SO",0,0,0,217,531,939,38,0.95
"2020-06-18",7,2020,533,"abundance","simplexEDM","exclosures_interp","SO",0,0,0,217,531,939,38,0.95
"2020-06-18",8,2020,534,"abundance","simplexEDM","exclosures_interp","SO",0,0,0,217,531,939,38,0.95
"2020-06-18",9,2020,535,"abundance","simplexEDM","exclosures_interp","SO",0,0,0,217,531,939,38,0.95
"2020-06-18",10,2020,536,"abundance","simplexEDM","exclosures_interp","SO",0,0,0,217,531,939,38,0.95
"2020-06-18",11,2020,537,"abundance","simplexEDM","exclosures_interp","SO",0,0,0,217,531,939,38,0.95
"2020-06-18",12,2020,538,"abundance","simplexEDM","exclosures_interp","SO",0,0,0,217,531,939,38,0.95
"2020-06-18",1,2021,539,"abundance","simplexEDM","exclosures_interp","SO",0,0,0,217,531,939,38,0.95
"2020-06-18",2,2021,540,"abundance","simplexEDM","exclosures_interp","SO",0,0,0,217,531,939,38,0.95
"2020-06-18",3,2021,541,"abundance","simplexEDM","exclosures_interp","SO",0,0,0,217,531,939,38,0.95
"2020-06-18",4,2021,542,"abundance","simplexEDM","exclosures_interp","SO",0,0,0,217,531,939,38,0.95
"2020-06-18",5,2021,543,"abundance","simplexEDM","exclosures_interp","SO",0,0,0,217,531,939,38,0.95
"2020-06-18",2,2020,528,"abundance","simplexEDM","exclosures_interp","total",7.125,2.28052763629741,11.9694723637026,217,531,939,38,0.95
"2020-06-18",3,2020,529,"abundance","simplexEDM","exclosures_interp","total",6.25,-1.6356587968277,14.1356587968277,217,531,939,38,0.95
"2020-06-18",4,2020,530,"abundance","simplexEDM","exclosures_interp","total",7.125,2.28052763629741,11.9694723637026,217,531,939,38,0.95
"2020-06-18",5,2020,531,"abundance","simplexEDM","exclosures_interp","total",6.25,-1.6356587968277,14.1356587968277,217,531,939,38,0.95
"2020-06-18",6,2020,532,"abundance","simplexEDM","exclosures_interp","total",7.125,2.28052763629741,11.9694723637026,217,531,939,38,0.95
"2020-06-18",7,2020,533,"abundance","simplexEDM","exclosures_interp","total",6.25,-1.6356587968277,14.1356587968277,217,531,939,38,0.95
"2020-06-18",8,2020,534,"abundance","simplexEDM","exclosures_interp","total",7.125,2.28052763629741,11.9694723637026,217,531,939,38,0.95
"2020-06-18",9,2020,535,"abundance","simplexEDM","exclosures_interp","total",6.25,-1.6356587968277,14.1356587968277,217,531,939,38,0.95
"2020-06-18",10,2020,536,"abundance","simplexEDM","exclosures_interp","total",7.125,2.28052763629741,11.9694723637026,217,531,939,38,0.95
"2020-06-18",11,2020,537,"abundance","simplexEDM","exclosures_interp","total",6.25,-1.6356587968277,14.1356587968277,217,531,939,38,0.95
"2020-06-18",12,2020,538,"abundance","simplexEDM","exclosures_interp","total",7.125,2.28052763629741,11.9694723637026,217,531,939,38,0.95
"2020-06-18",1,2021,539,"abundance","simplexEDM","exclosures_interp","total",6.25,-1.6356587968277,14.1356587968277,217,531,939,38,0.95
"2020-06-18",2,2021,540,"abundance","simplexEDM","exclosures_interp","total",7.125,2.28052763629741,11.9694723637026,217,531,939,38,0.95
"2020-06-18",3,2021,541,"abundance","simplexEDM","exclosures_interp","total",6.25,-1.6356587968277,14.1356587968277,217,531,939,38,0.95
"2020-06-18",4,2021,542,"abundance","simplexEDM","exclosures_interp","total",7.125,2.28052763629741,11.9694723637026,217,531,939,38,0.95
"2020-06-18",5,2021,543,"abundance","simplexEDM","exclosures_interp","total",6.25,-1.6356587968277,14.1356587968277,217,531,939,38,0.95
