"cast_date","cast_month","cast_year","moon","currency","model","cast_group","confidence_level","dataset","species","estimate","lower_pi","upper_pi","start_moon","end_moon","cast_id"
"2022-10-06",8,2022,559,"abundance","nbsGARCH",115,0.95,"all","BA",0.600315685776507,0,4,217,560,2948
"2022-10-06",9,2022,560,"abundance","nbsGARCH",115,0.95,"all","BA",0.797546667128077,0,6,217,560,2948
"2022-10-06",10,2022,561,"abundance","nbsGARCH",115,0.95,"all","BA",0.868438577301558,0,5,217,560,2948
"2022-10-06",11,2022,562,"abundance","nbsGARCH",115,0.95,"all","BA",0.898277265259354,0,5,217,560,2948
"2022-10-06",12,2022,563,"abundance","nbsGARCH",115,0.95,"all","BA",0.907435425035946,0,6,217,560,2948
"2022-10-06",1,2023,564,"abundance","nbsGARCH",115,0.95,"all","BA",0.902504842689252,0,5,217,560,2948
"2022-10-06",2,2023,565,"abundance","nbsGARCH",115,0.95,"all","BA",0.882322133904999,0,5,217,560,2948
"2022-10-06",3,2023,566,"abundance","nbsGARCH",115,0.95,"all","BA",0.856103992386922,0,6,217,560,2948
"2022-10-06",4,2023,567,"abundance","nbsGARCH",115,0.95,"all","BA",0.829788964862259,0,6,217,560,2948
"2022-10-06",5,2023,568,"abundance","nbsGARCH",115,0.95,"all","BA",0.81032135566798,0,5,217,560,2948
"2022-10-06",6,2023,569,"abundance","nbsGARCH",115,0.95,"all","BA",0.803236006196101,0,5,217,560,2948
"2022-10-06",7,2023,570,"abundance","nbsGARCH",115,0.95,"all","BA",0.808655326910551,0,4,217,560,2948
"2022-10-06",8,2023,571,"abundance","nbsGARCH",115,0.95,"all","BA",0.825297839733752,0,5,217,560,2948
"2022-10-06",9,2023,572,"abundance","nbsGARCH",115,0.95,"all","BA",0.953091738950216,0,6,217,560,2948
"2022-10-06",8,2022,559,"abundance","nbsGARCH",115,0.95,"all","DM",31.4654375078172,21,44,217,560,2948
"2022-10-06",9,2022,560,"abundance","nbsGARCH",115,0.95,"all","DM",31.6686763017449,17,49,217,560,2948
"2022-10-06",10,2022,561,"abundance","nbsGARCH",115,0.95,"all","DM",33.3950908772278,17,54,217,560,2948
"2022-10-06",11,2022,562,"abundance","nbsGARCH",115,0.95,"all","DM",36.3759853554515,16,62,217,560,2948
"2022-10-06",12,2022,563,"abundance","nbsGARCH",115,0.95,"all","DM",39.7815274218373,17,69,217,560,2948
"2022-10-06",1,2023,564,"abundance","nbsGARCH",115,0.95,"all","DM",42.5963506357981,19,73,217,560,2948
"2022-10-06",2,2023,565,"abundance","nbsGARCH",115,0.95,"all","DM",43.9524354083069,20,77,217,560,2948
"2022-10-06",3,2023,566,"abundance","nbsGARCH",115,0.95,"all","DM",43.3472034158169,18,77,217,560,2948
"2022-10-06",4,2023,567,"abundance","nbsGARCH",115,0.95,"all","DM",40.8068027434249,17,74,217,560,2948
"2022-10-06",5,2023,568,"abundance","nbsGARCH",115,0.95,"all","DM",37.2608522943731,14,68,217,560,2948
"2022-10-06",6,2023,569,"abundance","nbsGARCH",115,0.95,"all","DM",33.7460699583419,12,61,217,560,2948
"2022-10-06",7,2023,570,"abundance","nbsGARCH",115,0.95,"all","DM",31.0786063602526,10,59,217,560,2948
"2022-10-06",8,2023,571,"abundance","nbsGARCH",115,0.95,"all","DM",29.6843775597711,10,56,217,560,2948
"2022-10-06",9,2023,572,"abundance","nbsGARCH",115,0.95,"all","DM",29.7274296499669,10,56,217,560,2948
"2022-10-06",8,2022,559,"abundance","nbsGARCH",115,0.95,"all","DO",10.5493550285168,3,22,217,560,2948
"2022-10-06",9,2022,560,"abundance","nbsGARCH",115,0.95,"all","DO",9.8964200602745,1,24,217,560,2948
"2022-10-06",10,2022,561,"abundance","nbsGARCH",115,0.95,"all","DO",10.0024871601304,1,29,217,560,2948
"2022-10-06",11,2022,562,"abundance","nbsGARCH",115,0.95,"all","DO",10.9377789529396,1,33,217,560,2948
"2022-10-06",12,2022,563,"abundance","nbsGARCH",115,0.95,"all","DO",12.4270149732161,1,39,217,560,2948
"2022-10-06",1,2023,564,"abundance","nbsGARCH",115,0.95,"all","DO",14.2954079032986,1,48,217,560,2948
"2022-10-06",2,2023,565,"abundance","nbsGARCH",115,0.95,"all","DO",15.9007153633269,1,59,217,560,2948
"2022-10-06",3,2023,566,"abundance","nbsGARCH",115,0.95,"all","DO",16.7726763347199,1,62,217,560,2948
"2022-10-06",4,2023,567,"abundance","nbsGARCH",115,0.95,"all","DO",16.3393064381607,0,63,217,560,2948
"2022-10-06",5,2023,568,"abundance","nbsGARCH",115,0.95,"all","DO",14.8515411783787,0,55,217,560,2948
"2022-10-06",6,2023,569,"abundance","nbsGARCH",115,0.95,"all","DO",12.8586134324336,0,49,217,560,2948
"2022-10-06",7,2023,570,"abundance","nbsGARCH",115,0.95,"all","DO",10.9922951750053,0,41,217,560,2948
"2022-10-06",8,2023,571,"abundance","nbsGARCH",115,0.95,"all","DO",9.71414674539673,0,34,217,560,2948
"2022-10-06",9,2023,572,"abundance","nbsGARCH",115,0.95,"all","DO",9.08042009820658,0,30,217,560,2948
"2022-10-06",8,2022,559,"abundance","nbsGARCH",115,0.95,"all","DS",0.281185238063505,0,2,217,560,2948
"2022-10-06",9,2022,560,"abundance","nbsGARCH",115,0.95,"all","DS",0.378423393059288,0,2,217,560,2948
"2022-10-06",10,2022,561,"abundance","nbsGARCH",115,0.95,"all","DS",0.405423375362633,0,2,217,560,2948
"2022-10-06",11,2022,562,"abundance","nbsGARCH",115,0.95,"all","DS",0.387299761184687,0,2,217,560,2948
"2022-10-06",12,2022,563,"abundance","nbsGARCH",115,0.95,"all","DS",0.343527406289752,0,2,217,560,2948
"2022-10-06",1,2023,564,"abundance","nbsGARCH",115,0.95,"all","DS",0.291871781224636,0,2,217,560,2948
"2022-10-06",2,2023,565,"abundance","nbsGARCH",115,0.95,"all","DS",0.250116991496785,0,1,217,560,2948
"2022-10-06",3,2023,566,"abundance","nbsGARCH",115,0.95,"all","DS",0.225794483078928,0,2,217,560,2948
"2022-10-06",4,2023,567,"abundance","nbsGARCH",115,0.95,"all","DS",0.219041739929168,0,1,217,560,2948
"2022-10-06",5,2023,568,"abundance","nbsGARCH",115,0.95,"all","DS",0.229572954009476,0,1,217,560,2948
"2022-10-06",6,2023,569,"abundance","nbsGARCH",115,0.95,"all","DS",0.257145141319459,0,2,217,560,2948
"2022-10-06",7,2023,570,"abundance","nbsGARCH",115,0.95,"all","DS",0.297868064067279,0,2,217,560,2948
"2022-10-06",8,2023,571,"abundance","nbsGARCH",115,0.95,"all","DS",0.347401990898106,0,2,217,560,2948
"2022-10-06",9,2023,572,"abundance","nbsGARCH",115,0.95,"all","DS",0.395715431578285,0,2,217,560,2948
"2022-10-06",8,2022,559,"abundance","nbsGARCH",115,0.95,"all","NA",0.699746189521085,0,3,217,560,2948
"2022-10-06",9,2022,560,"abundance","nbsGARCH",115,0.95,"all","NA",1.16686579204931,0,4,217,560,2948
"2022-10-06",10,2022,561,"abundance","nbsGARCH",115,0.95,"all","NA",1.45997971791934,0,6,217,560,2948
"2022-10-06",11,2022,562,"abundance","nbsGARCH",115,0.95,"all","NA",1.62056739296249,0,7,217,560,2948
"2022-10-06",12,2022,563,"abundance","nbsGARCH",115,0.95,"all","NA",1.7197869157993,0,7,217,560,2948
"2022-10-06",1,2023,564,"abundance","nbsGARCH",115,0.95,"all","NA",1.77064581693474,0,7,217,560,2948
"2022-10-06",2,2023,565,"abundance","nbsGARCH",115,0.95,"all","NA",1.81969690749871,0,7,217,560,2948
"2022-10-06",3,2023,566,"abundance","nbsGARCH",115,0.95,"all","NA",1.86178123479037,0,7,217,560,2948
"2022-10-06",4,2023,567,"abundance","nbsGARCH",115,0.95,"all","NA",1.90885065254229,0,7,217,560,2948
"2022-10-06",5,2023,568,"abundance","nbsGARCH",115,0.95,"all","NA",1.97039345677766,0,7,217,560,2948
"2022-10-06",6,2023,569,"abundance","nbsGARCH",115,0.95,"all","NA",2.03678025711858,0,8,217,560,2948
"2022-10-06",7,2023,570,"abundance","nbsGARCH",115,0.95,"all","NA",2.09341079184866,0,8,217,560,2948
"2022-10-06",8,2023,571,"abundance","nbsGARCH",115,0.95,"all","NA",2.12688321663727,0,8,217,560,2948
"2022-10-06",9,2023,572,"abundance","nbsGARCH",115,0.95,"all","NA",2.13753813862635,0,8,217,560,2948
"2022-10-06",8,2022,559,"abundance","nbsGARCH",115,0.95,"all","OL",0.642884761660018,0,6,217,560,2948
"2022-10-06",9,2022,560,"abundance","nbsGARCH",115,0.95,"all","OL",1.07969718376609,0,9,217,560,2948
"2022-10-06",10,2022,561,"abundance","nbsGARCH",115,0.95,"all","OL",1.42824948494308,0,10,217,560,2948
"2022-10-06",11,2022,562,"abundance","nbsGARCH",115,0.95,"all","OL",1.74396951692783,0,11,217,560,2948
"2022-10-06",12,2022,563,"abundance","nbsGARCH",115,0.95,"all","OL",2.02485438983377,0,16,217,560,2948
"2022-10-06",1,2023,564,"abundance","nbsGARCH",115,0.95,"all","OL",2.19580823329349,0,13,217,560,2948
"2022-10-06",2,2023,565,"abundance","nbsGARCH",115,0.95,"all","OL",2.26339938145647,0,11,217,560,2948
"2022-10-06",3,2023,566,"abundance","nbsGARCH",115,0.95,"all","OL",2.25331122760429,0,15,217,560,2948
"2022-10-06",4,2023,567,"abundance","nbsGARCH",115,0.95,"all","OL",2.12195569959168,0,10,217,560,2948
"2022-10-06",5,2023,568,"abundance","nbsGARCH",115,0.95,"all","OL",1.93445948637334,0,9,217,560,2948
"2022-10-06",6,2023,569,"abundance","nbsGARCH",115,0.95,"all","OL",1.72204656582152,0,9,217,560,2948
"2022-10-06",7,2023,570,"abundance","nbsGARCH",115,0.95,"all","OL",1.58412889351215,0,12,217,560,2948
"2022-10-06",8,2023,571,"abundance","nbsGARCH",115,0.95,"all","OL",1.56288163518572,0,9,217,560,2948
"2022-10-06",9,2023,572,"abundance","nbsGARCH",115,0.95,"all","OL",1.59190837915562,0,10,217,560,2948
"2022-10-06",8,2022,559,"abundance","nbsGARCH",115,0.95,"all","OT",2.31793158669166,0,6,217,560,2948
"2022-10-06",9,2022,560,"abundance","nbsGARCH",115,0.95,"all","OT",3.70837721290479,0,11,217,560,2948
"2022-10-06",10,2022,561,"abundance","nbsGARCH",115,0.95,"all","OT",4.9322177220327,0,15,217,560,2948
"2022-10-06",11,2022,562,"abundance","nbsGARCH",115,0.95,"all","OT",5.72239460633205,0,19,217,560,2948
"2022-10-06",12,2022,563,"abundance","nbsGARCH",115,0.95,"all","OT",5.85273295590043,0,18,217,560,2948
"2022-10-06",1,2023,564,"abundance","nbsGARCH",115,0.95,"all","OT",5.53837174796772,0,18,217,560,2948
"2022-10-06",2,2023,565,"abundance","nbsGARCH",115,0.95,"all","OT",5.10083522662548,0,17,217,560,2948
"2022-10-06",3,2023,566,"abundance","nbsGARCH",115,0.95,"all","OT",4.86674478451264,0,17,217,560,2948
"2022-10-06",4,2023,567,"abundance","nbsGARCH",115,0.95,"all","OT",4.89264687891621,0,19,217,560,2948
"2022-10-06",5,2023,568,"abundance","nbsGARCH",115,0.95,"all","OT",5.32002537804539,0,19,217,560,2948
"2022-10-06",6,2023,569,"abundance","nbsGARCH",115,0.95,"all","OT",6.28781997948373,0,24,217,560,2948
"2022-10-06",7,2023,570,"abundance","nbsGARCH",115,0.95,"all","OT",7.7861771256315,0,29,217,560,2948
"2022-10-06",8,2023,571,"abundance","nbsGARCH",115,0.95,"all","OT",9.6978203209058,0,39,217,560,2948
"2022-10-06",9,2023,572,"abundance","nbsGARCH",115,0.95,"all","OT",11.6863521589309,1,44,217,560,2948
"2022-10-06",8,2022,559,"abundance","nbsGARCH",115,0.95,"all","PB",53.3142611182166,26,89,217,560,2948
"2022-10-06",9,2022,560,"abundance","nbsGARCH",115,0.95,"all","PB",50.0569811888076,18,103,217,560,2948
"2022-10-06",10,2022,561,"abundance","nbsGARCH",115,0.95,"all","PB",45.1420561284804,12,104,217,560,2948
"2022-10-06",11,2022,562,"abundance","nbsGARCH",115,0.95,"all","PB",40.0949973798981,9,102,217,560,2948
"2022-10-06",12,2022,563,"abundance","nbsGARCH",115,0.95,"all","PB",36.1595540621894,6,96,217,560,2948
"2022-10-06",1,2023,564,"abundance","nbsGARCH",115,0.95,"all","PB",33.4983711184322,5,98,217,560,2948
"2022-10-06",2,2023,565,"abundance","nbsGARCH",115,0.95,"all","PB",32.0342059478977,4,98,217,560,2948
"2022-10-06",3,2023,566,"abundance","nbsGARCH",115,0.95,"all","PB",32.7572129895589,3,108,217,560,2948
"2022-10-06",4,2023,567,"abundance","nbsGARCH",115,0.95,"all","PB",34.9757507159229,2,105,217,560,2948
"2022-10-06",5,2023,568,"abundance","nbsGARCH",115,0.95,"all","PB",38.520961008493,3,130,217,560,2948
"2022-10-06",6,2023,569,"abundance","nbsGARCH",115,0.95,"all","PB",42.5612537159998,4,138,217,560,2948
"2022-10-06",7,2023,570,"abundance","nbsGARCH",115,0.95,"all","PB",46.0550906053438,4,152,217,560,2948
"2022-10-06",8,2023,571,"abundance","nbsGARCH",115,0.95,"all","PB",47.5990727789808,4,171,217,560,2948
"2022-10-06",9,2023,572,"abundance","nbsGARCH",115,0.95,"all","PB",46.8561331038759,3,164,217,560,2948
"2022-10-06",8,2022,559,"abundance","nbsGARCH",115,0.95,"all","PE",2.55180071243525,0,8,217,560,2948
"2022-10-06",9,2022,560,"abundance","nbsGARCH",115,0.95,"all","PE",3.19771123212088,0,11,217,560,2948
"2022-10-06",10,2022,561,"abundance","nbsGARCH",115,0.95,"all","PE",3.93402626634073,0,14,217,560,2948
"2022-10-06",11,2022,562,"abundance","nbsGARCH",115,0.95,"all","PE",4.76833120477514,0,16,217,560,2948
"2022-10-06",12,2022,563,"abundance","nbsGARCH",115,0.95,"all","PE",5.51314615605059,0,21,217,560,2948
"2022-10-06",1,2023,564,"abundance","nbsGARCH",115,0.95,"all","PE",6.24360188658408,0,24,217,560,2948
"2022-10-06",2,2023,565,"abundance","nbsGARCH",115,0.95,"all","PE",6.47272113867904,0,25,217,560,2948
"2022-10-06",3,2023,566,"abundance","nbsGARCH",115,0.95,"all","PE",6.16815809467763,0,23,217,560,2948
"2022-10-06",4,2023,567,"abundance","nbsGARCH",115,0.95,"all","PE",5.71739156573004,0,20,217,560,2948
"2022-10-06",5,2023,568,"abundance","nbsGARCH",115,0.95,"all","PE",5.15172980509798,0,21,217,560,2948
"2022-10-06",6,2023,569,"abundance","nbsGARCH",115,0.95,"all","PE",4.64960216691897,0,18,217,560,2948
"2022-10-06",7,2023,570,"abundance","nbsGARCH",115,0.95,"all","PE",4.31462684992323,0,16,217,560,2948
"2022-10-06",8,2023,571,"abundance","nbsGARCH",115,0.95,"all","PE",4.25168641223028,0,18,217,560,2948
"2022-10-06",9,2023,572,"abundance","nbsGARCH",115,0.95,"all","PE",4.4680583505085,0,15,217,560,2948
"2022-10-06",8,2022,559,"abundance","nbsGARCH",115,0.95,"all","PF",2.61744275016418,0,26,217,560,2948
"2022-10-06",9,2022,560,"abundance","nbsGARCH",115,0.95,"all","PF",2.91620583357926,0,17,217,560,2948
"2022-10-06",10,2022,561,"abundance","nbsGARCH",115,0.95,"all","PF",2.94249801431885,0,7,217,560,2948
"2022-10-06",11,2022,562,"abundance","nbsGARCH",115,0.95,"all","PF",2.82737582553275,0,13,217,560,2948
"2022-10-06",12,2022,563,"abundance","nbsGARCH",115,0.95,"all","PF",2.71897404885508,0,9,217,560,2948
"2022-10-06",1,2023,564,"abundance","nbsGARCH",115,0.95,"all","PF",2.72298369547438,0,4,217,560,2948
"2022-10-06",2,2023,565,"abundance","nbsGARCH",115,0.95,"all","PF",2.90090973065053,0,6,217,560,2948
"2022-10-06",3,2023,566,"abundance","nbsGARCH",115,0.95,"all","PF",3.27675872406519,0,7,217,560,2948
"2022-10-06",4,2023,567,"abundance","nbsGARCH",115,0.95,"all","PF",3.87050163322781,0,8,217,560,2948
"2022-10-06",5,2023,568,"abundance","nbsGARCH",115,0.95,"all","PF",4.63700045126718,0,11,217,560,2948
"2022-10-06",6,2023,569,"abundance","nbsGARCH",115,0.95,"all","PF",5.45432980721701,0,11,217,560,2948
"2022-10-06",7,2023,570,"abundance","nbsGARCH",115,0.95,"all","PF",6.10672187014756,0,12,217,560,2948
"2022-10-06",8,2023,571,"abundance","nbsGARCH",115,0.95,"all","PF",5.97163863543879,0,4,217,560,2948
"2022-10-06",9,2023,572,"abundance","nbsGARCH",115,0.95,"all","PF",5.38602420988258,0,6,217,560,2948
"2022-10-06",8,2022,559,"abundance","nbsGARCH",115,0.95,"all","PH",0.0582171214169461,0,1,217,560,2948
"2022-10-06",9,2022,560,"abundance","nbsGARCH",115,0.95,"all","PH",0.041043265826161,0,1,217,560,2948
"2022-10-06",10,2022,561,"abundance","nbsGARCH",115,0.95,"all","PH",0.0286487576281757,0,1,217,560,2948
"2022-10-06",11,2022,562,"abundance","nbsGARCH",115,0.95,"all","PH",0.019047885419148,0,0,217,560,2948
"2022-10-06",12,2022,563,"abundance","nbsGARCH",115,0.95,"all","PH",0.0146745505443075,0,0,217,560,2948
"2022-10-06",1,2023,564,"abundance","nbsGARCH",115,0.95,"all","PH",0.0138694062573502,0,0,217,560,2948
"2022-10-06",2,2023,565,"abundance","nbsGARCH",115,0.95,"all","PH",0.0165389025774884,0,0,217,560,2948
"2022-10-06",3,2023,566,"abundance","nbsGARCH",115,0.95,"all","PH",0.022839268702497,0,0,217,560,2948
"2022-10-06",4,2023,567,"abundance","nbsGARCH",115,0.95,"all","PH",0.0267231859528698,0,0,217,560,2948
"2022-10-06",5,2023,568,"abundance","nbsGARCH",115,0.95,"all","PH",0.0408922165012815,0,1,217,560,2948
"2022-10-06",6,2023,569,"abundance","nbsGARCH",115,0.95,"all","PH",0.0765675438532523,0,1,217,560,2948
"2022-10-06",7,2023,570,"abundance","nbsGARCH",115,0.95,"all","PH",0.0839676155053528,0,1,217,560,2948
"2022-10-06",8,2023,571,"abundance","nbsGARCH",115,0.95,"all","PH",0.0737946702690527,0,1,217,560,2948
"2022-10-06",9,2023,572,"abundance","nbsGARCH",115,0.95,"all","PH",0.0536178104816605,0,1,217,560,2948
"2022-10-06",8,2022,559,"abundance","nbsGARCH",115,0.95,"all","PL",0.290427061653895,0,2,217,560,2948
"2022-10-06",9,2022,560,"abundance","nbsGARCH",115,0.95,"all","PL",0.458342391755402,0,2,217,560,2948
"2022-10-06",10,2022,561,"abundance","nbsGARCH",115,0.95,"all","PL",0.600512296735871,0,3,217,560,2948
"2022-10-06",11,2022,562,"abundance","nbsGARCH",115,0.95,"all","PL",0.701852105690116,0,3,217,560,2948
"2022-10-06",12,2022,563,"abundance","nbsGARCH",115,0.95,"all","PL",0.717372370855489,0,4,217,560,2948
"2022-10-06",1,2023,564,"abundance","nbsGARCH",115,0.95,"all","PL",0.6314147268574,0,3,217,560,2948
"2022-10-06",2,2023,565,"abundance","nbsGARCH",115,0.95,"all","PL",0.493229238384044,0,3,217,560,2948
"2022-10-06",3,2023,566,"abundance","nbsGARCH",115,0.95,"all","PL",0.370402093716231,0,2,217,560,2948
"2022-10-06",4,2023,567,"abundance","nbsGARCH",115,0.95,"all","PL",0.2886704727661,0,2,217,560,2948
"2022-10-06",5,2023,568,"abundance","nbsGARCH",115,0.95,"all","PL",0.251021978891017,0,2,217,560,2948
"2022-10-06",6,2023,569,"abundance","nbsGARCH",115,0.95,"all","PL",0.249475583016886,0,2,217,560,2948
"2022-10-06",7,2023,570,"abundance","nbsGARCH",115,0.95,"all","PL",0.279909381561016,0,2,217,560,2948
"2022-10-06",8,2023,571,"abundance","nbsGARCH",115,0.95,"all","PL",0.346776975242879,0,2,217,560,2948
"2022-10-06",9,2023,572,"abundance","nbsGARCH",115,0.95,"all","PL",0.445808783450493,0,2,217,560,2948
"2022-10-06",8,2022,559,"abundance","nbsGARCH",115,0.95,"all","PM",0.659480864041063,0,3,217,560,2948
"2022-10-06",9,2022,560,"abundance","nbsGARCH",115,0.95,"all","PM",1.14316111742277,0,4,217,560,2948
"2022-10-06",10,2022,561,"abundance","nbsGARCH",115,0.95,"all","PM",1.54819984569972,0,6,217,560,2948
"2022-10-06",11,2022,562,"abundance","nbsGARCH",115,0.95,"all","PM",1.91818534389489,0,7,217,560,2948
"2022-10-06",12,2022,563,"abundance","nbsGARCH",115,0.95,"all","PM",2.24653958846436,0,8,217,560,2948
"2022-10-06",1,2023,564,"abundance","nbsGARCH",115,0.95,"all","PM",2.49765694248651,0,9,217,560,2948
"2022-10-06",2,2023,565,"abundance","nbsGARCH",115,0.95,"all","PM",2.62479520977688,0,9,217,560,2948
"2022-10-06",3,2023,566,"abundance","nbsGARCH",115,0.95,"all","PM",2.61168522957918,0,9,217,560,2948
"2022-10-06",4,2023,567,"abundance","nbsGARCH",115,0.95,"all","PM",2.47774326819379,0,9,217,560,2948
"2022-10-06",5,2023,568,"abundance","nbsGARCH",115,0.95,"all","PM",2.28670291164731,0,9,217,560,2948
"2022-10-06",6,2023,569,"abundance","nbsGARCH",115,0.95,"all","PM",2.10366757149887,0,8,217,560,2948
"2022-10-06",7,2023,570,"abundance","nbsGARCH",115,0.95,"all","PM",1.97943480335482,0,8,217,560,2948
"2022-10-06",8,2023,571,"abundance","nbsGARCH",115,0.95,"all","PM",1.94019331677998,0,7,217,560,2948
"2022-10-06",9,2023,572,"abundance","nbsGARCH",115,0.95,"all","PM",1.98989250682144,0,7,217,560,2948
"2022-10-06",8,2022,559,"abundance","nbsGARCH",115,0.95,"all","PP",225.025670139679,29,642,217,560,2948
"2022-10-06",9,2022,560,"abundance","nbsGARCH",115,0.95,"all","PP",148.311855173999,8,536,217,560,2948
"2022-10-06",10,2022,561,"abundance","nbsGARCH",115,0.95,"all","PP",94.1223082613171,3,416,217,560,2948
"2022-10-06",11,2022,562,"abundance","nbsGARCH",115,0.95,"all","PP",63.0545227323608,1,250,217,560,2948
"2022-10-06",12,2022,563,"abundance","nbsGARCH",115,0.95,"all","PP",48.4465032168794,1,195,217,560,2948
"2022-10-06",1,2023,564,"abundance","nbsGARCH",115,0.95,"all","PP",44.1374475834105,0,170,217,560,2948
"2022-10-06",2,2023,565,"abundance","nbsGARCH",115,0.95,"all","PP",48.2005238048771,1,176,217,560,2948
"2022-10-06",3,2023,566,"abundance","nbsGARCH",115,0.95,"all","PP",62.4930903402446,1,261,217,560,2948
"2022-10-06",4,2023,567,"abundance","nbsGARCH",115,0.95,"all","PP",91.5658353051396,1,370,217,560,2948
"2022-10-06",5,2023,568,"abundance","nbsGARCH",115,0.95,"all","PP",131.599412373633,2,529,217,560,2948
"2022-10-06",6,2023,569,"abundance","nbsGARCH",115,0.95,"all","PP",169.647488414038,2,557,217,560,2948
"2022-10-06",7,2023,570,"abundance","nbsGARCH",115,0.95,"all","PP",185.206483660369,2,577,217,560,2948
"2022-10-06",8,2023,571,"abundance","nbsGARCH",115,0.95,"all","PP",165.630389037627,1,449,217,560,2948
"2022-10-06",9,2023,572,"abundance","nbsGARCH",115,0.95,"all","PP",125.466422299791,1,327,217,560,2948
"2022-10-06",8,2022,559,"abundance","nbsGARCH",115,0.95,"all","RF",0.00620809372939252,0,0,217,560,2948
"2022-10-06",9,2022,560,"abundance","nbsGARCH",115,0.95,"all","RF",0.00494107876000405,0,0,217,560,2948
"2022-10-06",10,2022,561,"abundance","nbsGARCH",115,0.95,"all","RF",0.00535290010389751,0,0,217,560,2948
"2022-10-06",11,2022,562,"abundance","nbsGARCH",115,0.95,"all","RF",0.00678014217257739,0,0,217,560,2948
"2022-10-06",12,2022,563,"abundance","nbsGARCH",115,0.95,"all","RF",0.0112543584121162,0,0,217,560,2948
"2022-10-06",1,2023,564,"abundance","nbsGARCH",115,0.95,"all","RF",0.0187360656052765,0,0,217,560,2948
"2022-10-06",2,2023,565,"abundance","nbsGARCH",115,0.95,"all","RF",0.0274689542412866,0,0,217,560,2948
"2022-10-06",3,2023,566,"abundance","nbsGARCH",115,0.95,"all","RF",0.0303747431983147,0,1,217,560,2948
"2022-10-06",4,2023,567,"abundance","nbsGARCH",115,0.95,"all","RF",0.0259931163431292,0,1,217,560,2948
"2022-10-06",5,2023,568,"abundance","nbsGARCH",115,0.95,"all","RF",0.0201502745856125,0,0,217,560,2948
"2022-10-06",6,2023,569,"abundance","nbsGARCH",115,0.95,"all","RF",0.0139727093338201,0,0,217,560,2948
"2022-10-06",7,2023,570,"abundance","nbsGARCH",115,0.95,"all","RF",0.00963508635926346,0,0,217,560,2948
"2022-10-06",8,2023,571,"abundance","nbsGARCH",115,0.95,"all","RF",0.00626477825869941,0,0,217,560,2948
"2022-10-06",9,2023,572,"abundance","nbsGARCH",115,0.95,"all","RF",0.00543939622987292,0,0,217,560,2948
"2022-10-06",8,2022,559,"abundance","nbsGARCH",115,0.95,"all","RM",0.68404620931895,0,1,217,560,2948
"2022-10-06",9,2022,560,"abundance","nbsGARCH",115,0.95,"all","RM",1.39970600608967,0,1,217,560,2948
"2022-10-06",10,2022,561,"abundance","nbsGARCH",115,0.95,"all","RM",2.40264283241531,0,3,217,560,2948
"2022-10-06",11,2022,562,"abundance","nbsGARCH",115,0.95,"all","RM",3.89792525331044,0,1,217,560,2948
"2022-10-06",12,2022,563,"abundance","nbsGARCH",115,0.95,"all","RM",5.84813801190642,0,5,217,560,2948
"2022-10-06",1,2023,564,"abundance","nbsGARCH",115,0.95,"all","RM",7.69068118931919,0,6,217,560,2948
"2022-10-06",2,2023,565,"abundance","nbsGARCH",115,0.95,"all","RM",8.39283499656539,0,1,217,560,2948
"2022-10-06",3,2023,566,"abundance","nbsGARCH",115,0.95,"all","RM",7.36607647706622,0,2,217,560,2948
"2022-10-06",4,2023,567,"abundance","nbsGARCH",115,0.95,"all","RM",5.45538852492313,0,0,217,560,2948
"2022-10-06",5,2023,568,"abundance","nbsGARCH",115,0.95,"all","RM",3.64035434979679,0,2,217,560,2948
"2022-10-06",6,2023,569,"abundance","nbsGARCH",115,0.95,"all","RM",2.46323486165347,0,1,217,560,2948
"2022-10-06",7,2023,570,"abundance","nbsGARCH",115,0.95,"all","RM",1.91477560488374,0,0,217,560,2948
"2022-10-06",8,2023,571,"abundance","nbsGARCH",115,0.95,"all","RM",1.84696944970153,0,0,217,560,2948
"2022-10-06",9,2023,572,"abundance","nbsGARCH",115,0.95,"all","RM",2.14837484980472,0,6,217,560,2948
"2022-10-06",8,2022,559,"abundance","nbsGARCH",115,0.95,"all","RO",0.0287400492279222,0,1,217,560,2948
"2022-10-06",9,2022,560,"abundance","nbsGARCH",115,0.95,"all","RO",0.0447875788819381,0,1,217,560,2948
"2022-10-06",10,2022,561,"abundance","nbsGARCH",115,0.95,"all","RO",0.0834314643374764,0,1,217,560,2948
"2022-10-06",11,2022,562,"abundance","nbsGARCH",115,0.95,"all","RO",0.168342152859129,0,1,217,560,2948
"2022-10-06",12,2022,563,"abundance","nbsGARCH",115,0.95,"all","RO",0.305966009162833,0,2,217,560,2948
"2022-10-06",1,2023,564,"abundance","nbsGARCH",115,0.95,"all","RO",0.453514589529622,0,3,217,560,2948
"2022-10-06",2,2023,565,"abundance","nbsGARCH",115,0.95,"all","RO",0.475676513610093,0,3,217,560,2948
"2022-10-06",3,2023,566,"abundance","nbsGARCH",115,0.95,"all","RO",0.337047766135345,0,2,217,560,2948
"2022-10-06",4,2023,567,"abundance","nbsGARCH",115,0.95,"all","RO",0.169480601452364,0,2,217,560,2948
"2022-10-06",5,2023,568,"abundance","nbsGARCH",115,0.95,"all","RO",0.077624183278874,0,1,217,560,2948
"2022-10-06",6,2023,569,"abundance","nbsGARCH",115,0.95,"all","RO",0.0403344156449495,0,1,217,560,2948
"2022-10-06",7,2023,570,"abundance","nbsGARCH",115,0.95,"all","RO",0.028129148007925,0,0,217,560,2948
"2022-10-06",8,2023,571,"abundance","nbsGARCH",115,0.95,"all","RO",0.0274513978454959,0,1,217,560,2948
"2022-10-06",9,2023,572,"abundance","nbsGARCH",115,0.95,"all","RO",0.0373209026033617,0,1,217,560,2948
"2022-10-06",8,2022,559,"abundance","nbsGARCH",115,0.95,"all","SF",0.597914844009188,0,3,217,560,2948
"2022-10-06",9,2022,560,"abundance","nbsGARCH",115,0.95,"all","SF",0.928243147469204,0,3,217,560,2948
"2022-10-06",10,2022,561,"abundance","nbsGARCH",115,0.95,"all","SF",1.1481649384789,0,4,217,560,2948
"2022-10-06",11,2022,562,"abundance","nbsGARCH",115,0.95,"all","SF",1.3742635513088,0,5,217,560,2948
"2022-10-06",12,2022,563,"abundance","nbsGARCH",115,0.95,"all","SF",1.67153099098991,0,6,217,560,2948
"2022-10-06",1,2023,564,"abundance","nbsGARCH",115,0.95,"all","SF",2.08463159883696,0,7,217,560,2948
"2022-10-06",2,2023,565,"abundance","nbsGARCH",115,0.95,"all","SF",2.6007235908659,0,10,217,560,2948
"2022-10-06",3,2023,566,"abundance","nbsGARCH",115,0.95,"all","SF",3.1366913069095,0,12,217,560,2948
"2022-10-06",4,2023,567,"abundance","nbsGARCH",115,0.95,"all","SF",3.53883413641443,0,14,217,560,2948
"2022-10-06",5,2023,568,"abundance","nbsGARCH",115,0.95,"all","SF",3.64082238009307,0,14,217,560,2948
"2022-10-06",6,2023,569,"abundance","nbsGARCH",115,0.95,"all","SF",3.37847638169629,0,12,217,560,2948
"2022-10-06",7,2023,570,"abundance","nbsGARCH",115,0.95,"all","SF",2.8846891977029,0,10,217,560,2948
"2022-10-06",8,2023,571,"abundance","nbsGARCH",115,0.95,"all","SF",2.3510053607013,0,8,217,560,2948
"2022-10-06",9,2023,572,"abundance","nbsGARCH",115,0.95,"all","SF",1.95011268736536,0,7,217,560,2948
"2022-10-06",8,2022,559,"abundance","nbsGARCH",115,0.95,"all","SH",0.398683737225693,0,2,217,560,2948
"2022-10-06",9,2022,560,"abundance","nbsGARCH",115,0.95,"all","SH",0.487763270782329,0,3,217,560,2948
"2022-10-06",10,2022,561,"abundance","nbsGARCH",115,0.95,"all","SH",0.516612002220066,0,3,217,560,2948
"2022-10-06",11,2022,562,"abundance","nbsGARCH",115,0.95,"all","SH",0.596623649634045,0,3,217,560,2948
"2022-10-06",12,2022,563,"abundance","nbsGARCH",115,0.95,"all","SH",0.777571699729889,0,3,217,560,2948
"2022-10-06",1,2023,564,"abundance","nbsGARCH",115,0.95,"all","SH",1.12897319356046,0,5,217,560,2948
"2022-10-06",2,2023,565,"abundance","nbsGARCH",115,0.95,"all","SH",1.71141245334852,0,7,217,560,2948
"2022-10-06",3,2023,566,"abundance","nbsGARCH",115,0.95,"all","SH",2.51725179192244,0,11,217,560,2948
"2022-10-06",4,2023,567,"abundance","nbsGARCH",115,0.95,"all","SH",3.36187279380554,0,14,217,560,2948
"2022-10-06",5,2023,568,"abundance","nbsGARCH",115,0.95,"all","SH",3.76205718124716,0,15,217,560,2948
"2022-10-06",6,2023,569,"abundance","nbsGARCH",115,0.95,"all","SH",3.31999548608896,0,16,217,560,2948
"2022-10-06",7,2023,570,"abundance","nbsGARCH",115,0.95,"all","SH",2.34379401152507,0,11,217,560,2948
"2022-10-06",8,2023,571,"abundance","nbsGARCH",115,0.95,"all","SH",1.41537868429636,0,6,217,560,2948
"2022-10-06",9,2023,572,"abundance","nbsGARCH",115,0.95,"all","SH",0.870490422694368,0,4,217,560,2948
"2022-10-06",8,2022,559,"abundance","nbsGARCH",115,0.95,"all","SO",2.92097491143817e-11,0,0,217,560,2948
"2022-10-06",9,2022,560,"abundance","nbsGARCH",115,0.95,"all","SO",3.95327842242405e-19,0,0,217,560,2948
"2022-10-06",10,2022,561,"abundance","nbsGARCH",115,0.95,"all","SO",2.56249108903614e-24,0,0,217,560,2948
"2022-10-06",11,2022,562,"abundance","nbsGARCH",115,0.95,"all","SO",5.54577383308232e-30,0,0,217,560,2948
"2022-10-06",12,2022,563,"abundance","nbsGARCH",115,0.95,"all","SO",4.82187549190536e-29,0,0,217,560,2948
"2022-10-06",1,2023,564,"abundance","nbsGARCH",115,0.95,"all","SO",5.06318698700511e-27,0,0,217,560,2948
"2022-10-06",2,2023,565,"abundance","nbsGARCH",115,0.95,"all","SO",2.56937809758657e-10,0,0,217,560,2948
"2022-10-06",3,2023,566,"abundance","nbsGARCH",115,0.95,"all","SO",1.13893132948523e-15,0,0,217,560,2948
"2022-10-06",4,2023,567,"abundance","nbsGARCH",115,0.95,"all","SO",2.37273326464003e-16,0,0,217,560,2948
"2022-10-06",5,2023,568,"abundance","nbsGARCH",115,0.95,"all","SO",3.1996657204468e-18,0,0,217,560,2948
"2022-10-06",6,2023,569,"abundance","nbsGARCH",115,0.95,"all","SO",7.53686742153029e-21,0,0,217,560,2948
"2022-10-06",7,2023,570,"abundance","nbsGARCH",115,0.95,"all","SO",9.32730199287421e-23,0,0,217,560,2948
"2022-10-06",8,2023,571,"abundance","nbsGARCH",115,0.95,"all","SO",5.7441223293301e-25,0,0,217,560,2948
"2022-10-06",9,2023,572,"abundance","nbsGARCH",115,0.95,"all","SO",2.35675786060392e-24,0,0,217,560,2948
"2022-10-06",8,2022,559,"abundance","nbsGARCH",115,0.95,"all","total",368.916694315747,218,540,217,560,2948
"2022-10-06",9,2022,560,"abundance","nbsGARCH",115,0.95,"all","total",321.044157714605,160,537,217,560,2948
"2022-10-06",10,2022,561,"abundance","nbsGARCH",115,0.95,"all","total",275.235929491393,118,512,217,560,2948
"2022-10-06",11,2022,562,"abundance","nbsGARCH",115,0.95,"all","total",238.947311701538,88,478,217,560,2948
"2022-10-06",12,2022,563,"abundance","nbsGARCH",115,0.95,"all","total",215.589711307808,79,446,217,560,2948
"2022-10-06",1,2023,564,"abundance","nbsGARCH",115,0.95,"all","total",207.33197536548,71,446,217,560,2948
"2022-10-06",2,2023,565,"abundance","nbsGARCH",115,0.95,"all","total",212.791808137521,70,482,217,560,2948
"2022-10-06",3,2023,566,"abundance","nbsGARCH",115,0.95,"all","total",227.699978516317,75,543,217,560,2948
"2022-10-06",4,2023,567,"abundance","nbsGARCH",115,0.95,"all","total",247.119989738058,74,596,217,560,2948
"2022-10-06",5,2023,568,"abundance","nbsGARCH",115,0.95,"all","total",266.433265868172,79,611,217,560,2948
"2022-10-06",6,2023,569,"abundance","nbsGARCH",115,0.95,"all","total",277.604406750254,82,645,217,560,2948
"2022-10-06",7,2023,570,"abundance","nbsGARCH",115,0.95,"all","total",274.755725219605,78,621,217,560,2948
"2022-10-06",8,2023,571,"abundance","nbsGARCH",115,0.95,"all","total",257.029218409912,68,595,217,560,2948
"2022-10-06",9,2023,572,"abundance","nbsGARCH",115,0.95,"all","total",230.00979553585,61,506,217,560,2948
