"date","forecastmonth","forecastyear","newmoonnumber","currency","model","level","species","estimate","LowerPI","UpperPI","fit_start_newmoon","fit_end_newmoon","initial_newmoon"
"2017-10-06",10,2017,499,"abundance","ESSS","All","total",293.343712550495,164.108049754499,422.579375346492,217,498,498
"2017-10-06",11,2017,500,"abundance","ESSS","All","total",301.750309251832,122.614027500578,480.886591003087,217,498,498
"2017-10-06",12,2017,501,"abundance","ESSS","All","total",310.15690595317,88.3922183730614,531.921593533278,217,498,498
"2017-10-06",1,2018,502,"abundance","ESSS","All","total",318.563502654507,57.6191337144946,579.507871594519,217,498,498
"2017-10-06",2,2018,503,"abundance","ESSS","All","total",326.970099355844,28.7172289677829,625.222969743905,217,498,498
"2017-10-06",3,2018,504,"abundance","ESSS","All","total",335.376696057181,0.857296051794663,669.896096062568,217,498,498
"2017-10-06",4,2018,505,"abundance","ESSS","All","total",343.783292758519,-26.4603957748415,714.026981291879,217,498,498
"2017-10-06",5,2018,506,"abundance","ESSS","All","total",352.189889459856,-53.5657202491788,757.94549916889,217,498,498
"2017-10-06",6,2018,507,"abundance","ESSS","All","total",360.596486161193,-80.6914542776738,801.88442660006,217,498,498
"2017-10-06",7,2018,508,"abundance","ESSS","All","total",369.00308286253,-108.010660949388,846.016826674448,217,498,498
"2017-10-06",8,2018,509,"abundance","ESSS","All","total",377.409679563867,-135.657632304264,890.476991431999,217,498,498
"2017-10-06",9,2018,510,"abundance","ESSS","All","total",385.816276265205,-163.740420815312,935.372973345721,217,498,498
"2017-10-06",10,2017,499,"abundance","AutoArima","All","total",268.021068162289,166.024916009265,432.677785392439,217,498,498
"2017-10-06",11,2017,500,"abundance","AutoArima","All","total",249.31729580587,131.755218686537,471.777244253497,217,498,498
"2017-10-06",12,2017,501,"abundance","AutoArima","All","total",233.950521983549,111.896654454435,489.137472458237,217,498,498
"2017-10-06",1,2018,502,"abundance","AutoArima","All","total",221.221330880529,98.7806410750412,495.429840340628,217,498,498
"2017-10-06",2,2018,503,"abundance","AutoArima","All","total",210.600629421438,89.5077949270351,495.516900498566,217,498,498
"2017-10-06",3,2018,504,"abundance","AutoArima","All","total",201.682750760791,82.6606782465822,492.083210751073,217,498,498
"2017-10-06",4,2018,505,"abundance","AutoArima","All","total",194.152780463836,77.4468759824858,486.724631350697,217,498,498
"2017-10-06",5,2018,506,"abundance","AutoArima","All","total",187.763442314125,73.3840093008234,480.419516534294,217,498,498
"2017-10-06",6,2018,507,"abundance","AutoArima","All","total",182.318512759687,70.1602946351162,473.772812212039,217,498,498
"2017-10-06",7,2018,508,"abundance","AutoArima","All","total",177.660760773847,67.564945236684,467.155650140376,217,498,498
"2017-10-06",8,2018,509,"abundance","AutoArima","All","total",173.663068417983,65.4503479724297,460.789931094838,217,498,498
"2017-10-06",9,2018,510,"abundance","AutoArima","All","total",170.221816209792,63.7101475058254,454.801438202771,217,498,498
"2017-10-06",10,2017,499,"abundance","nbGARCH","All","BA",0.0670043589322772,0,1,217,498,498
"2017-10-06",11,2017,500,"abundance","nbGARCH","All","BA",0.129408687769099,0,1,217,498,498
"2017-10-06",12,2017,501,"abundance","nbGARCH","All","BA",0.188095091441649,0,1,217,498,498
"2017-10-06",1,2018,502,"abundance","nbGARCH","All","BA",0.242838310638234,0,0,217,498,498
"2017-10-06",2,2018,503,"abundance","nbGARCH","All","BA",0.29403585326406,0,1,217,498,498
"2017-10-06",3,2018,504,"abundance","nbGARCH","All","BA",0.341931188743823,0,1,217,498,498
"2017-10-06",4,2018,505,"abundance","nbGARCH","All","BA",0.386844296301547,0,1,217,498,498
"2017-10-06",5,2018,506,"abundance","nbGARCH","All","BA",0.428724523981171,0,1,217,498,498
"2017-10-06",6,2018,507,"abundance","nbGARCH","All","BA",0.467911892464772,0,1,217,498,498
"2017-10-06",7,2018,508,"abundance","nbGARCH","All","BA",0.504706255736631,0,1,217,498,498
"2017-10-06",8,2018,509,"abundance","nbGARCH","All","BA",0.539112523394559,0,1,217,498,498
"2017-10-06",9,2018,510,"abundance","nbGARCH","All","BA",0.571264283462311,0,1,217,498,498
"2017-10-06",10,2017,499,"abundance","nbGARCH","All","DM",40.5031615817962,27,57,217,498,498
"2017-10-06",11,2017,500,"abundance","nbGARCH","All","DM",39.1048457034278,21,60,217,498,498
"2017-10-06",12,2017,501,"abundance","nbGARCH","All","DM",38.078286193692,19,62,217,498,498
"2017-10-06",1,2018,502,"abundance","nbGARCH","All","DM",37.2247777899867,17,65,217,498,498
"2017-10-06",2,2018,503,"abundance","nbGARCH","All","DM",36.7958406411541,16,66,217,498,498
"2017-10-06",3,2018,504,"abundance","nbGARCH","All","DM",37.1318587449068,17,67,217,498,498
"2017-10-06",4,2018,505,"abundance","nbGARCH","All","DM",37.4583704230004,17,68,217,498,498
"2017-10-06",5,2018,506,"abundance","nbGARCH","All","DM",37.4814264023405,18,69,217,498,498
"2017-10-06",6,2018,507,"abundance","nbGARCH","All","DM",37.786933298756,17,66,217,498,498
"2017-10-06",7,2018,508,"abundance","nbGARCH","All","DM",37.3505898187248,17,67,217,498,498
"2017-10-06",8,2018,509,"abundance","nbGARCH","All","DM",36.6056035894779,16,65,217,498,498
"2017-10-06",9,2018,510,"abundance","nbGARCH","All","DM",35.9611541731808,15,66,217,498,498
"2017-10-06",10,2017,499,"abundance","nbGARCH","All","DO",7.86044457605727,2,16,217,498,498
"2017-10-06",11,2017,500,"abundance","nbGARCH","All","DO",8.59135308898021,2,20,217,498,498
"2017-10-06",12,2017,501,"abundance","nbGARCH","All","DO",9.21222660730746,2,22,217,498,498
"2017-10-06",1,2018,502,"abundance","nbGARCH","All","DO",9.73963040369367,2,25,217,498,498
"2017-10-06",2,2018,503,"abundance","nbGARCH","All","DO",10.1876359304334,2,25,217,498,498
"2017-10-06",3,2018,504,"abundance","nbGARCH","All","DO",10.5681962505812,1,28,217,498,498
"2017-10-06",4,2018,505,"abundance","nbGARCH","All","DO",10.8914649298406,1,28,217,498,498
"2017-10-06",5,2018,506,"abundance","nbGARCH","All","DO",11.1660669590774,1,29,217,498,498
"2017-10-06",6,2018,507,"abundance","nbGARCH","All","DO",11.3993288895034,2,31,217,498,498
"2017-10-06",7,2018,508,"abundance","nbGARCH","All","DO",11.5974742906541,2,31,217,498,498
"2017-10-06",8,2018,509,"abundance","nbGARCH","All","DO",11.765789772583,2,34,217,498,498
"2017-10-06",9,2018,510,"abundance","nbGARCH","All","DO",11.9087661176288,1,31,217,498,498
"2017-10-06",10,2017,499,"abundance","nbGARCH","All","DS",0.0663772575122759,0,1,217,498,498
"2017-10-06",11,2017,500,"abundance","nbGARCH","All","DS",0.121521174161401,0,1,217,498,498
"2017-10-06",12,2017,501,"abundance","nbGARCH","All","DS",0.14512630171533,0,1,217,498,498
"2017-10-06",1,2018,502,"abundance","nbGARCH","All","DS",0.186943140846251,0,1,217,498,498
"2017-10-06",2,2018,503,"abundance","nbGARCH","All","DS",0.221683116225836,0,2,217,498,498
"2017-10-06",3,2018,504,"abundance","nbGARCH","All","DS",0.2505438793505,0,2,217,498,498
"2017-10-06",4,2018,505,"abundance","nbGARCH","All","DS",0.274520397446745,0,2,217,498,498
"2017-10-06",5,2018,506,"abundance","nbGARCH","All","DS",0.272232734417974,0,2,217,498,498
"2017-10-06",6,2018,507,"abundance","nbGARCH","All","DS",0.270332223540593,0,2,217,498,498
"2017-10-06",7,2018,508,"abundance","nbGARCH","All","DS",0.268753345212004,0,2,217,498,498
"2017-10-06",8,2018,509,"abundance","nbGARCH","All","DS",0.290241772984937,0,2,217,498,498
"2017-10-06",9,2018,510,"abundance","nbGARCH","All","DS",0.285887091062772,0,2,217,498,498
"2017-10-06",10,2017,499,"abundance","nbGARCH","All","NA",4.66570309557857,0,11,217,498,498
"2017-10-06",11,2017,500,"abundance","nbGARCH","All","NA",3.79205971282028,0,11,217,498,498
"2017-10-06",12,2017,501,"abundance","nbGARCH","All","NA",3.28064161980393,0,10,217,498,498
"2017-10-06",1,2018,502,"abundance","nbGARCH","All","NA",2.9461857768192,0,11,217,498,498
"2017-10-06",2,2018,503,"abundance","nbGARCH","All","NA",2.7607756170499,0,9,217,498,498
"2017-10-06",3,2018,504,"abundance","nbGARCH","All","NA",2.66614301589094,0,9,217,498,498
"2017-10-06",4,2018,505,"abundance","nbGARCH","All","NA",2.66289411068389,0,9,217,498,498
"2017-10-06",5,2018,506,"abundance","nbGARCH","All","NA",2.45840107768355,0,8,217,498,498
"2017-10-06",6,2018,507,"abundance","nbGARCH","All","NA",2.49777743715047,0,9,217,498,498
"2017-10-06",7,2018,508,"abundance","nbGARCH","All","NA",2.494236999971,0,9,217,498,498
"2017-10-06",8,2018,509,"abundance","nbGARCH","All","NA",2.55311686321577,0,8,217,498,498
"2017-10-06",9,2018,510,"abundance","nbGARCH","All","NA",2.41459756819226,0,8,217,498,498
"2017-10-06",10,2017,499,"abundance","nbGARCH","All","OL",0.543276411999679,0,3,217,498,498
"2017-10-06",11,2017,500,"abundance","nbGARCH","All","OL",0.913695465700214,0,4,217,498,498
"2017-10-06",12,2017,501,"abundance","nbGARCH","All","OL",1.20553972221382,0,5,217,498,498
"2017-10-06",1,2018,502,"abundance","nbGARCH","All","OL",1.36849744985711,0,6,217,498,498
"2017-10-06",2,2018,503,"abundance","nbGARCH","All","OL",1.55289810960764,0,7,217,498,498
"2017-10-06",3,2018,504,"abundance","nbGARCH","All","OL",1.6373032724425,0,7,217,498,498
"2017-10-06",4,2018,505,"abundance","nbGARCH","All","OL",1.66925487129336,0,7,217,498,498
"2017-10-06",5,2018,506,"abundance","nbGARCH","All","OL",1.90839186892999,0,6,217,498,498
"2017-10-06",6,2018,507,"abundance","nbGARCH","All","OL",1.98558812542721,0,7,217,498,498
"2017-10-06",7,2018,508,"abundance","nbGARCH","All","OL",1.91822380668963,0,7,217,498,498
"2017-10-06",8,2018,509,"abundance","nbGARCH","All","OL",1.82025431154187,0,7,217,498,498
"2017-10-06",9,2018,510,"abundance","nbGARCH","All","OL",1.7385801979364,0,6,217,498,498
"2017-10-06",10,2017,499,"abundance","nbGARCH","All","OT",14.2887157226594,4,28,217,498,498
"2017-10-06",11,2017,500,"abundance","nbGARCH","All","OT",13.7001067554118,2,33,217,498,498
"2017-10-06",12,2017,501,"abundance","nbGARCH","All","OT",13.1999593278174,1,41,217,498,498
"2017-10-06",1,2018,502,"abundance","nbGARCH","All","OT",12.7974666597242,1,39,217,498,498
"2017-10-06",2,2018,503,"abundance","nbGARCH","All","OT",12.4785209078212,1,36,217,498,498
"2017-10-06",3,2018,504,"abundance","nbGARCH","All","OT",12.2003660193224,1,38,217,498,498
"2017-10-06",4,2018,505,"abundance","nbGARCH","All","OT",11.9425785292011,1,37,217,498,498
"2017-10-06",5,2018,506,"abundance","nbGARCH","All","OT",11.7536113587482,1,37,217,498,498
"2017-10-06",6,2018,507,"abundance","nbGARCH","All","OT",11.5690292923025,1,35,217,498,498
"2017-10-06",7,2018,508,"abundance","nbGARCH","All","OT",11.4420124500991,1,37,217,498,498
"2017-10-06",8,2018,509,"abundance","nbGARCH","All","OT",11.3121465518025,1,40,217,498,498
"2017-10-06",9,2018,510,"abundance","nbGARCH","All","OT",11.2534257908986,1,39,217,498,498
"2017-10-06",10,2017,499,"abundance","nbGARCH","All","PB",6.07250597860756,1,13,217,498,498
"2017-10-06",11,2017,500,"abundance","nbGARCH","All","PB",6.19900346859863,0,17,217,498,498
"2017-10-06",12,2017,501,"abundance","nbGARCH","All","PB",6.32280291713408,0,21,217,498,498
"2017-10-06",1,2018,502,"abundance","nbGARCH","All","PB",6.40271991785568,0,21,217,498,498
"2017-10-06",2,2018,503,"abundance","nbGARCH","All","PB",6.47832640602198,0,21,217,498,498
"2017-10-06",3,2018,504,"abundance","nbGARCH","All","PB",6.43069777251079,0,22,217,498,498
"2017-10-06",4,2018,505,"abundance","nbGARCH","All","PB",6.41796143556908,0,23,217,498,498
"2017-10-06",5,2018,506,"abundance","nbGARCH","All","PB",6.37555572466447,0,24,217,498,498
"2017-10-06",6,2018,507,"abundance","nbGARCH","All","PB",6.35451988912768,0,26,217,498,498
"2017-10-06",7,2018,508,"abundance","nbGARCH","All","PB",6.42232838254369,0,24,217,498,498
"2017-10-06",8,2018,509,"abundance","nbGARCH","All","PB",6.39860620915303,0,25,217,498,498
"2017-10-06",9,2018,510,"abundance","nbGARCH","All","PB",6.55563003208211,0,24,217,498,498
"2017-10-06",10,2017,499,"abundance","nbGARCH","All","PE",1.59234577989315,0,4,217,498,498
"2017-10-06",11,2017,500,"abundance","nbGARCH","All","PE",2.1928277082177,0,6,217,498,498
"2017-10-06",12,2017,501,"abundance","nbGARCH","All","PE",2.78160236573806,0,8,217,498,498
"2017-10-06",1,2018,502,"abundance","nbGARCH","All","PE",3.21273328053601,0,10,217,498,498
"2017-10-06",2,2018,503,"abundance","nbGARCH","All","PE",3.57738084136267,0,11,217,498,498
"2017-10-06",3,2018,504,"abundance","nbGARCH","All","PE",3.84216964993163,0,12,217,498,498
"2017-10-06",4,2018,505,"abundance","nbGARCH","All","PE",4.15494305528893,0,12,217,498,498
"2017-10-06",5,2018,506,"abundance","nbGARCH","All","PE",4.62674527540791,0,14,217,498,498
"2017-10-06",6,2018,507,"abundance","nbGARCH","All","PE",4.98947036147952,0,16,217,498,498
"2017-10-06",7,2018,508,"abundance","nbGARCH","All","PE",5.2335313082002,0,17,217,498,498
"2017-10-06",8,2018,509,"abundance","nbGARCH","All","PE",5.08546436485035,0,19,217,498,498
"2017-10-06",9,2018,510,"abundance","nbGARCH","All","PE",4.96431401474864,0,18,217,498,498
"2017-10-06",10,2017,499,"abundance","nbGARCH","All","PF",0.565967698326926,0,3,217,498,498
"2017-10-06",11,2017,500,"abundance","nbGARCH","All","PF",1.05064669235755,0,4,217,498,498
"2017-10-06",12,2017,501,"abundance","nbGARCH","All","PF",1.47393151701648,0,7,217,498,498
"2017-10-06",1,2018,502,"abundance","nbGARCH","All","PF",1.84272234222102,0,8,217,498,498
"2017-10-06",2,2018,503,"abundance","nbGARCH","All","PF",2.16846579699083,0,8,217,498,498
"2017-10-06",3,2018,504,"abundance","nbGARCH","All","PF",2.45600926731565,0,9,217,498,498
"2017-10-06",4,2018,505,"abundance","nbGARCH","All","PF",2.71024376245883,0,10,217,498,498
"2017-10-06",5,2018,506,"abundance","nbGARCH","All","PF",2.93473555743513,0,11,217,498,498
"2017-10-06",6,2018,507,"abundance","nbGARCH","All","PF",3.13792782133348,0,11,217,498,498
"2017-10-06",7,2018,508,"abundance","nbGARCH","All","PF",3.31744779615397,0,11,217,498,498
"2017-10-06",8,2018,509,"abundance","nbGARCH","All","PF",3.47599879594115,0,11,217,498,498
"2017-10-06",9,2018,510,"abundance","nbGARCH","All","PF",3.61113901323361,0,10,217,498,498
"2017-10-06",10,2017,499,"abundance","nbGARCH","All","PH",0.447217816506021,0,3,217,498,498
"2017-10-06",11,2017,500,"abundance","nbGARCH","All","PH",0.214560454097452,0,1,217,498,498
"2017-10-06",12,2017,501,"abundance","nbGARCH","All","PH",0.11663861453892,0,0,217,498,498
"2017-10-06",1,2018,502,"abundance","nbGARCH","All","PH",0.0754248460887817,0,0,217,498,498
"2017-10-06",2,2018,503,"abundance","nbGARCH","All","PH",0.0580786165089508,0,0,217,498,498
"2017-10-06",3,2018,504,"abundance","nbGARCH","All","PH",0.0507778601852425,0,0,217,498,498
"2017-10-06",4,2018,505,"abundance","nbGARCH","All","PH",0.0477050862055794,0,0,217,498,498
"2017-10-06",5,2018,506,"abundance","nbGARCH","All","PH",0.0464118167951081,0,0,217,498,498
"2017-10-06",6,2018,507,"abundance","nbGARCH","All","PH",0.0458674869311428,0,0,217,498,498
"2017-10-06",7,2018,508,"abundance","nbGARCH","All","PH",0.0469598382609414,0,0,217,498,498
"2017-10-06",8,2018,509,"abundance","nbGARCH","All","PH",0.0487410430686831,0,0,217,498,498
"2017-10-06",9,2018,510,"abundance","nbGARCH","All","PH",0.0481692730286601,0,0,217,498,498
"2017-10-06",10,2017,499,"abundance","nbGARCH","All","PL",0.0984930878260551,0,1,217,498,498
"2017-10-06",11,2017,500,"abundance","nbGARCH","All","PL",0.175729751830032,0,1,217,498,498
"2017-10-06",12,2017,501,"abundance","nbGARCH","All","PL",0.236297477192764,0,1,217,498,498
"2017-10-06",1,2018,502,"abundance","nbGARCH","All","PL",0.283793693715982,0,1,217,498,498
"2017-10-06",2,2018,503,"abundance","nbGARCH","All","PL",0.356204178593609,0,1,217,498,498
"2017-10-06",3,2018,504,"abundance","nbGARCH","All","PL",0.521635232796528,0,2,217,498,498
"2017-10-06",4,2018,505,"abundance","nbGARCH","All","PL",0.683374536118581,0,3,217,498,498
"2017-10-06",5,2018,506,"abundance","nbGARCH","All","PL",0.741455256605699,0,2,217,498,498
"2017-10-06",6,2018,507,"abundance","nbGARCH","All","PL",0.750259600619942,0,2,217,498,498
"2017-10-06",7,2018,508,"abundance","nbGARCH","All","PL",0.721999091883139,0,2,217,498,498
"2017-10-06",8,2018,509,"abundance","nbGARCH","All","PL",0.664672933549893,0,1,217,498,498
"2017-10-06",9,2018,510,"abundance","nbGARCH","All","PL",0.619718700440488,0,1,217,498,498
"2017-10-06",10,2017,499,"abundance","nbGARCH","All","PM",0.137537393639216,0,1,217,498,498
"2017-10-06",11,2017,500,"abundance","nbGARCH","All","PM",0.263292841879096,0,1,217,498,498
"2017-10-06",12,2017,501,"abundance","nbGARCH","All","PM",0.378769751725909,0,2,217,498,498
"2017-10-06",1,2018,502,"abundance","nbGARCH","All","PM",0.483744795745855,0,3,217,498,498
"2017-10-06",2,2018,503,"abundance","nbGARCH","All","PM",0.579152353834802,0,3,217,498,498
"2017-10-06",3,2018,504,"abundance","nbGARCH","All","PM",0.709039520517153,0,3,217,498,498
"2017-10-06",4,2018,505,"abundance","nbGARCH","All","PM",0.814337057032193,0,3,217,498,498
"2017-10-06",5,2018,506,"abundance","nbGARCH","All","PM",0.939518349588236,0,4,217,498,498
"2017-10-06",6,2018,507,"abundance","nbGARCH","All","PM",1.00968336680026,0,4,217,498,498
"2017-10-06",7,2018,508,"abundance","nbGARCH","All","PM",1.05829672324607,0,4,217,498,498
"2017-10-06",8,2018,509,"abundance","nbGARCH","All","PM",1.10281238307717,0,3,217,498,498
"2017-10-06",9,2018,510,"abundance","nbGARCH","All","PM",1.14245709236186,0,3,217,498,498
"2017-10-06",10,2017,499,"abundance","nbGARCH","All","PP",195.794058277864,16,616,217,498,498
"2017-10-06",11,2017,500,"abundance","nbGARCH","All","PP",180.383775365575,4,692,217,498,498
"2017-10-06",12,2017,501,"abundance","nbGARCH","All","PP",166.581751430017,2,668,217,498,498
"2017-10-06",1,2018,502,"abundance","nbGARCH","All","PP",154.220144194164,1,609,217,498,498
"2017-10-06",2,2018,503,"abundance","nbGARCH","All","PP",143.148627860069,1,517,217,498,498
"2017-10-06",3,2018,504,"abundance","nbGARCH","All","PP",133.232565039512,1,425,217,498,498
"2017-10-06",4,2018,505,"abundance","nbGARCH","All","PP",124.351369466818,1,336,217,498,498
"2017-10-06",5,2018,506,"abundance","nbGARCH","All","PP",116.397039589598,1,311,217,498,498
"2017-10-06",6,2018,507,"abundance","nbGARCH","All","PP",109.27284518206,1,238,217,498,498
"2017-10-06",7,2018,508,"abundance","nbGARCH","All","PP",102.892151057082,0,217,217,498,498
"2017-10-06",8,2018,509,"abundance","nbGARCH","All","PP",97.1773635024454,1,211,217,498,498
"2017-10-06",9,2018,510,"abundance","nbGARCH","All","PP",92.0589867035109,0,172,217,498,498
"2017-10-06",10,2017,499,"abundance","nbGARCH","All","RF",0.0255319810399187,0,0,217,498,498
"2017-10-06",11,2017,500,"abundance","nbGARCH","All","RF",0.0255319810402848,0,0,217,498,498
"2017-10-06",12,2017,501,"abundance","nbGARCH","All","RF",0.0255319810402848,0,0,217,498,498
"2017-10-06",1,2018,502,"abundance","nbGARCH","All","RF",0.0255319810402848,0,0,217,498,498
"2017-10-06",2,2018,503,"abundance","nbGARCH","All","RF",0.0255319810402848,0,0,217,498,498
"2017-10-06",3,2018,504,"abundance","nbGARCH","All","RF",0.0255319810402848,0,0,217,498,498
"2017-10-06",4,2018,505,"abundance","nbGARCH","All","RF",0.0255319810402848,0,0,217,498,498
"2017-10-06",5,2018,506,"abundance","nbGARCH","All","RF",0.0255319810402848,0,0,217,498,498
"2017-10-06",6,2018,507,"abundance","nbGARCH","All","RF",0.0255319810402848,0,0,217,498,498
"2017-10-06",7,2018,508,"abundance","nbGARCH","All","RF",0.0255319810402848,0,0,217,498,498
"2017-10-06",8,2018,509,"abundance","nbGARCH","All","RF",0.0255319810402848,0,0,217,498,498
"2017-10-06",9,2018,510,"abundance","nbGARCH","All","RF",0.0255319810402848,0,0,217,498,498
"2017-10-06",10,2017,499,"abundance","nbGARCH","All","RM",0.73058551744324,0,3,217,498,498
"2017-10-06",11,2017,500,"abundance","nbGARCH","All","RM",1.34817028421286,0,5,217,498,498
"2017-10-06",12,2017,501,"abundance","nbGARCH","All","RM",1.87023229480495,0,8,217,498,498
"2017-10-06",1,2018,502,"abundance","nbGARCH","All","RM",2.31154619626186,0,10,217,498,498
"2017-10-06",2,2018,503,"abundance","nbGARCH","All","RM",2.68460141895128,0,10,217,498,498
"2017-10-06",3,2018,504,"abundance","nbGARCH","All","RM",2.99995563445983,0,9,217,498,498
"2017-10-06",4,2018,505,"abundance","nbGARCH","All","RM",3.26653354352456,0,11,217,498,498
"2017-10-06",5,2018,506,"abundance","nbGARCH","All","RM",3.49187945015001,0,12,217,498,498
"2017-10-06",6,2018,507,"abundance","nbGARCH","All","RM",3.68237076957524,0,11,217,498,498
"2017-10-06",7,2018,508,"abundance","nbGARCH","All","RM",3.84339851276206,0,12,217,498,498
"2017-10-06",8,2018,509,"abundance","nbGARCH","All","RM",3.9795198549505,0,14,217,498,498
"2017-10-06",9,2018,510,"abundance","nbGARCH","All","RM",4.09458710629981,0,12,217,498,498
"2017-10-06",10,2017,499,"abundance","nbGARCH","All","RO",0.110571997797857,0,1,217,498,498
"2017-10-06",11,2017,500,"abundance","nbGARCH","All","RO",0.183337150771505,0,1,217,498,498
"2017-10-06",12,2017,501,"abundance","nbGARCH","All","RO",0.231222398327202,0,1,217,498,498
"2017-10-06",1,2018,502,"abundance","nbGARCH","All","RO",0.262734692877051,0,1,217,498,498
"2017-10-06",2,2018,503,"abundance","nbGARCH","All","RO",0.283472284483765,0,1,217,498,498
"2017-10-06",3,2018,504,"abundance","nbGARCH","All","RO",0.297119266639012,0,1,217,498,498
"2017-10-06",4,2018,505,"abundance","nbGARCH","All","RO",0.306100064344871,0,1,217,498,498
"2017-10-06",5,2018,506,"abundance","nbGARCH","All","RO",0.312010142729605,0,1,217,498,498
"2017-10-06",6,2018,507,"abundance","nbGARCH","All","RO",0.315899442514511,0,1,217,498,498
"2017-10-06",7,2018,508,"abundance","nbGARCH","All","RO",0.318458910798256,0,1,217,498,498
"2017-10-06",8,2018,509,"abundance","nbGARCH","All","RO",0.320143243877898,0,1,217,498,498
"2017-10-06",9,2018,510,"abundance","nbGARCH","All","RO",0.321251668765207,0,1,217,498,498
"2017-10-06",10,2017,499,"abundance","nbGARCH","All","SF",0.0796411682436487,0,1,217,498,498
"2017-10-06",11,2017,500,"abundance","nbGARCH","All","SF",0.132962988077308,0,1,217,498,498
"2017-10-06",12,2017,501,"abundance","nbGARCH","All","SF",0.186758357912892,0,1,217,498,498
"2017-10-06",1,2018,502,"abundance","nbGARCH","All","SF",0.235178429297641,0,1,217,498,498
"2017-10-06",2,2018,503,"abundance","nbGARCH","All","SF",0.273197191741681,0,1,217,498,498
"2017-10-06",3,2018,504,"abundance","nbGARCH","All","SF",0.308234033262236,0,1,217,498,498
"2017-10-06",4,2018,505,"abundance","nbGARCH","All","SF",0.341686767934172,0,0,217,498,498
"2017-10-06",5,2018,506,"abundance","nbGARCH","All","SF",0.371375656798,0,1,217,498,498
"2017-10-06",6,2018,507,"abundance","nbGARCH","All","SF",0.398340022257855,0,1,217,498,498
"2017-10-06",7,2018,508,"abundance","nbGARCH","All","SF",0.423965450579544,0,1,217,498,498
"2017-10-06",8,2018,509,"abundance","nbGARCH","All","SF",0.446900574635507,0,1,217,498,498
"2017-10-06",9,2018,510,"abundance","nbGARCH","All","SF",0.468393129598016,0,1,217,498,498
"2017-10-06",10,2017,499,"abundance","nbGARCH","All","SH",0.138949978256291,0,1,217,498,498
"2017-10-06",11,2017,500,"abundance","nbGARCH","All","SH",0.258688845878962,0,1,217,498,498
"2017-10-06",12,2017,501,"abundance","nbGARCH","All","SH",0.364779967495483,0,1,217,498,498
"2017-10-06",1,2018,502,"abundance","nbGARCH","All","SH",0.453960085987958,0,1,217,498,498
"2017-10-06",2,2018,503,"abundance","nbGARCH","All","SH",0.544480869043492,0,1,217,498,498
"2017-10-06",3,2018,504,"abundance","nbGARCH","All","SH",0.651237533306547,0,2,217,498,498
"2017-10-06",4,2018,505,"abundance","nbGARCH","All","SH",0.715466822484724,0,1,217,498,498
"2017-10-06",5,2018,506,"abundance","nbGARCH","All","SH",0.75767931468295,0,2,217,498,498
"2017-10-06",6,2018,507,"abundance","nbGARCH","All","SH",0.906779551428921,0,2,217,498,498
"2017-10-06",7,2018,508,"abundance","nbGARCH","All","SH",0.922578999400812,0,1,217,498,498
"2017-10-06",8,2018,509,"abundance","nbGARCH","All","SH",0.964580107922411,0,1,217,498,498
"2017-10-06",9,2018,510,"abundance","nbGARCH","All","SH",0.972699007297244,0,2,217,498,498
"2017-10-06",10,2017,499,"abundance","nbGARCH","All","SO",0.0127659023245172,0,0,217,498,498
"2017-10-06",11,2017,500,"abundance","nbGARCH","All","SO",0.0127659023247962,0,0,217,498,498
"2017-10-06",12,2017,501,"abundance","nbGARCH","All","SO",0.0127659023247962,0,0,217,498,498
"2017-10-06",1,2018,502,"abundance","nbGARCH","All","SO",0.0127659023247962,0,0,217,498,498
"2017-10-06",2,2018,503,"abundance","nbGARCH","All","SO",0.0127659023247962,0,0,217,498,498
"2017-10-06",3,2018,504,"abundance","nbGARCH","All","SO",0.0127659023247962,0,0,217,498,498
"2017-10-06",4,2018,505,"abundance","nbGARCH","All","SO",0.0127659023247962,0,0,217,498,498
"2017-10-06",5,2018,506,"abundance","nbGARCH","All","SO",0.0127659023247962,0,0,217,498,498
"2017-10-06",6,2018,507,"abundance","nbGARCH","All","SO",0.0127659023247962,0,0,217,498,498
"2017-10-06",7,2018,508,"abundance","nbGARCH","All","SO",0.0127659023247962,0,0,217,498,498
"2017-10-06",8,2018,509,"abundance","nbGARCH","All","SO",0.0127659023247962,0,0,217,498,498
"2017-10-06",9,2018,510,"abundance","nbGARCH","All","SO",0.0127659023247962,0,0,217,498,498
"2017-10-06",10,2017,499,"abundance","nbGARCH","All","total",277.85124349147,162,414,217,498,498
"2017-10-06",11,2017,500,"abundance","nbGARCH","All","total",266.089597413352,125,466,217,498,498
"2017-10-06",12,2017,501,"abundance","nbGARCH","All","total",255.565306964531,104,482,217,498,498
"2017-10-06",1,2018,502,"abundance","nbGARCH","All","total",246.14271238567,92,480,217,498,498
"2017-10-06",2,2018,503,"abundance","nbGARCH","All","total",237.710914207207,81,472,217,498,498
"2017-10-06",3,2018,504,"abundance","nbGARCH","All","total",230.174432032894,75,480,217,498,498
"2017-10-06",4,2018,505,"abundance","nbGARCH","All","total",223.433481086362,72,488,217,498,498
"2017-10-06",5,2018,506,"abundance","nbGARCH","All","total",217.409804803473,67,506,217,498,498
"2017-10-06",6,2018,507,"abundance","nbGARCH","All","total",212.022193686184,66,461,217,498,498
"2017-10-06",7,2018,508,"abundance","nbGARCH","All","total",207.207712138416,66,427,217,498,498
"2017-10-06",8,2018,509,"abundance","nbGARCH","All","total",202.896238747274,57,446,217,498,498
"2017-10-06",9,2018,510,"abundance","nbGARCH","All","total",199.04950025101,59,447,217,498,498
"2017-10-06",10,2017,499,"abundance","pevGARCH","All","BA",0.226205751505711,0,1,217,498,498
"2017-10-06",11,2017,500,"abundance","pevGARCH","All","BA",0.275823605958086,0,1,217,498,498
"2017-10-06",12,2017,501,"abundance","pevGARCH","All","BA",0.286832763243998,0,1,217,498,498
"2017-10-06",1,2018,502,"abundance","pevGARCH","All","BA",0.289166581030605,0,1,217,498,498
"2017-10-06",2,2018,503,"abundance","pevGARCH","All","BA",0.289895930751382,0,1,217,498,498
"2017-10-06",3,2018,504,"abundance","pevGARCH","All","BA",0.290893473335708,0,1,217,498,498
"2017-10-06",4,2018,505,"abundance","pevGARCH","All","BA",0.291119732423444,0,1,217,498,498
"2017-10-06",5,2018,506,"abundance","pevGARCH","All","BA",0.290090651719796,0,1,217,498,498
"2017-10-06",6,2018,507,"abundance","pevGARCH","All","BA",0.289808372639711,0,1,217,498,498
"2017-10-06",7,2018,508,"abundance","pevGARCH","All","BA",0.290362349511016,0,1,217,498,498
"2017-10-06",8,2018,509,"abundance","pevGARCH","All","BA",0.290062421642126,0,1,217,498,498
"2017-10-06",9,2018,510,"abundance","pevGARCH","All","BA",0.289582081334963,0,1,217,498,498
"2017-10-06",10,2017,499,"abundance","pevGARCH","All","DM",39.650893594955,29,50,217,498,498
"2017-10-06",11,2017,500,"abundance","pevGARCH","All","DM",37.7508805962176,25,51,217,498,498
"2017-10-06",12,2017,501,"abundance","pevGARCH","All","DM",36.4628092084625,23,51,217,498,498
"2017-10-06",1,2018,502,"abundance","pevGARCH","All","DM",35.5424244383512,21,51,217,498,498
"2017-10-06",2,2018,503,"abundance","pevGARCH","All","DM",35.2043721596287,21,52,217,498,498
"2017-10-06",3,2018,504,"abundance","pevGARCH","All","DM",35.4354695652671,19,52,217,498,498
"2017-10-06",4,2018,505,"abundance","pevGARCH","All","DM",35.6612529150019,19,52,217,498,498
"2017-10-06",5,2018,506,"abundance","pevGARCH","All","DM",35.630791656965,19,53,217,498,498
"2017-10-06",6,2018,507,"abundance","pevGARCH","All","DM",35.662913450589,19,52,217,498,498
"2017-10-06",7,2018,508,"abundance","pevGARCH","All","DM",35.1357436075729,18,52,217,498,498
"2017-10-06",8,2018,509,"abundance","pevGARCH","All","DM",34.3209086911324,18,51,217,498,498
"2017-10-06",9,2018,510,"abundance","pevGARCH","All","DM",33.6925889749511,17,50,217,498,498
"2017-10-06",10,2017,499,"abundance","pevGARCH","All","DO",6.73523247309228,3,11,217,498,498
"2017-10-06",11,2017,500,"abundance","pevGARCH","All","DO",6.54761381750027,2,12,217,498,498
"2017-10-06",12,2017,501,"abundance","pevGARCH","All","DO",6.37904872010898,2,13,217,498,498
"2017-10-06",1,2018,502,"abundance","pevGARCH","All","DO",6.20549413931416,1,13,217,498,498
"2017-10-06",2,2018,503,"abundance","pevGARCH","All","DO",6.10145982188056,1,13,217,498,498
"2017-10-06",3,2018,504,"abundance","pevGARCH","All","DO",6.11305704582489,1,13,217,498,498
"2017-10-06",4,2018,505,"abundance","pevGARCH","All","DO",6.14447242520764,1,12,217,498,498
"2017-10-06",5,2018,506,"abundance","pevGARCH","All","DO",6.14898230190459,1,12,217,498,498
"2017-10-06",6,2018,507,"abundance","pevGARCH","All","DO",6.15386600831403,1,13,217,498,498
"2017-10-06",7,2018,508,"abundance","pevGARCH","All","DO",6.17986837688734,1,12,217,498,498
"2017-10-06",8,2018,509,"abundance","pevGARCH","All","DO",6.07879422677848,1,12,217,498,498
"2017-10-06",9,2018,510,"abundance","pevGARCH","All","DO",6.02937425249848,1,12,217,498,498
"2017-10-06",10,2017,499,"abundance","pevGARCH","All","DS",0.406035929321219,0,2,217,498,498
"2017-10-06",11,2017,500,"abundance","pevGARCH","All","DS",0.563122486538885,0,2,217,498,498
"2017-10-06",12,2017,501,"abundance","pevGARCH","All","DS",0.6070265372273,0,2,217,498,498
"2017-10-06",1,2018,502,"abundance","pevGARCH","All","DS",0.640082502410004,0,2,217,498,498
"2017-10-06",2,2018,503,"abundance","pevGARCH","All","DS",0.652607551709008,0,2,217,498,498
"2017-10-06",3,2018,504,"abundance","pevGARCH","All","DS",0.657397203276179,0,2,217,498,498
"2017-10-06",4,2018,505,"abundance","pevGARCH","All","DS",0.659296779381848,0,2,217,498,498
"2017-10-06",5,2018,506,"abundance","pevGARCH","All","DS",0.642418971311363,0,2,217,498,498
"2017-10-06",6,2018,507,"abundance","pevGARCH","All","DS",0.636232847460909,0,2,217,498,498
"2017-10-06",7,2018,508,"abundance","pevGARCH","All","DS",0.634136652766557,0,2,217,498,498
"2017-10-06",8,2018,509,"abundance","pevGARCH","All","DS",0.651115456599877,0,2,217,498,498
"2017-10-06",9,2018,510,"abundance","pevGARCH","All","DS",0.640377996401109,0,2,217,498,498
"2017-10-06",10,2017,499,"abundance","pevGARCH","All","NA",5.92944409284809,2,10,217,498,498
"2017-10-06",11,2017,500,"abundance","pevGARCH","All","NA",5.85620133664546,1,12,217,498,498
"2017-10-06",12,2017,501,"abundance","pevGARCH","All","NA",6.06837371806895,1,13,217,498,498
"2017-10-06",1,2018,502,"abundance","pevGARCH","All","NA",6.23068451303928,1,13,217,498,498
"2017-10-06",2,2018,503,"abundance","pevGARCH","All","NA",6.47218338059599,1,14,217,498,498
"2017-10-06",3,2018,504,"abundance","pevGARCH","All","NA",6.73219196959752,1,15,217,498,498
"2017-10-06",4,2018,505,"abundance","pevGARCH","All","NA",7.07657986902912,1,16,217,498,498
"2017-10-06",5,2018,506,"abundance","pevGARCH","All","NA",6.487369140384,1,15,217,498,498
"2017-10-06",6,2018,507,"abundance","pevGARCH","All","NA",6.84945615317759,1,15,217,498,498
"2017-10-06",7,2018,508,"abundance","pevGARCH","All","NA",7.09502087842845,1,15,217,498,498
"2017-10-06",8,2018,509,"abundance","pevGARCH","All","NA",7.4378518961983,1,15,217,498,498
"2017-10-06",9,2018,510,"abundance","pevGARCH","All","NA",7.06314509631755,1,15,217,498,498
"2017-10-06",10,2017,499,"abundance","pevGARCH","All","OL",1.01031759511346,0,3,217,498,498
"2017-10-06",11,2017,500,"abundance","pevGARCH","All","OL",2.01732264693221,0,6,217,498,498
"2017-10-06",12,2017,501,"abundance","pevGARCH","All","OL",3.02192314139366,0,8,217,498,498
"2017-10-06",1,2018,502,"abundance","pevGARCH","All","OL",4.01373433889036,0,10,217,498,498
"2017-10-06",2,2018,503,"abundance","pevGARCH","All","OL",5.00153514691278,0,13,217,498,498
"2017-10-06",3,2018,504,"abundance","pevGARCH","All","OL",5.96467881129726,0,15,217,498,498
"2017-10-06",4,2018,505,"abundance","pevGARCH","All","OL",6.89606973326591,1,17,217,498,498
"2017-10-06",5,2018,506,"abundance","pevGARCH","All","OL",7.86311302110518,1,19,217,498,498
"2017-10-06",6,2018,507,"abundance","pevGARCH","All","OL",8.80716944509097,1,22,217,498,498
"2017-10-06",7,2018,508,"abundance","pevGARCH","All","OL",9.7057134677495,1,23,217,498,498
"2017-10-06",8,2018,509,"abundance","pevGARCH","All","OL",10.5612582663154,1,26,217,498,498
"2017-10-06",9,2018,510,"abundance","pevGARCH","All","OL",11.4058691739029,1,29,217,498,498
"2017-10-06",10,2017,499,"abundance","pevGARCH","All","OT",8.60914449297503,4,14,217,498,498
"2017-10-06",11,2017,500,"abundance","pevGARCH","All","OT",5.5006476444828,1,11,217,498,498
"2017-10-06",12,2017,501,"abundance","pevGARCH","All","OT",3.87418049954465,1,8,217,498,498
"2017-10-06",1,2018,502,"abundance","pevGARCH","All","OT",3.02115458058929,0,7,217,498,498
"2017-10-06",2,2018,503,"abundance","pevGARCH","All","OT",2.55325455830564,0,6,217,498,498
"2017-10-06",3,2018,504,"abundance","pevGARCH","All","OT",2.2774676255787,0,6,217,498,498
"2017-10-06",4,2018,505,"abundance","pevGARCH","All","OT",2.09818036469588,0,5,217,498,498
"2017-10-06",5,2018,506,"abundance","pevGARCH","All","OT",2.0299042192142,0,5,217,498,498
"2017-10-06",6,2018,507,"abundance","pevGARCH","All","OT",1.97694096794083,0,5,217,498,498
"2017-10-06",7,2018,508,"abundance","pevGARCH","All","OT",1.96424830926931,0,5,217,498,498
"2017-10-06",8,2018,509,"abundance","pevGARCH","All","OT",1.94754438171209,0,5,217,498,498
"2017-10-06",9,2018,510,"abundance","pevGARCH","All","OT",1.96728812923162,0,5,217,498,498
"2017-10-06",10,2017,499,"abundance","pevGARCH","All","PB",5.87672440138089,2,10,217,498,498
"2017-10-06",11,2017,500,"abundance","pevGARCH","All","PB",5.85226141124587,1,11,217,498,498
"2017-10-06",12,2017,501,"abundance","pevGARCH","All","PB",5.83849635984615,1,12,217,498,498
"2017-10-06",1,2018,502,"abundance","pevGARCH","All","PB",5.74169422149461,1,12,217,498,498
"2017-10-06",2,2018,503,"abundance","pevGARCH","All","PB",5.63906660660596,1,12,217,498,498
"2017-10-06",3,2018,504,"abundance","pevGARCH","All","PB",5.24631184517836,1,12,217,498,498
"2017-10-06",4,2018,505,"abundance","pevGARCH","All","PB",5.07211605582606,0,11,217,498,498
"2017-10-06",5,2018,506,"abundance","pevGARCH","All","PB",4.84419528902672,0,10,217,498,498
"2017-10-06",6,2018,507,"abundance","pevGARCH","All","PB",4.79767538803549,0,10,217,498,498
"2017-10-06",7,2018,508,"abundance","pevGARCH","All","PB",4.94829304934726,0,11,217,498,498
"2017-10-06",8,2018,509,"abundance","pevGARCH","All","PB",4.88341426921306,0,11,217,498,498
"2017-10-06",9,2018,510,"abundance","pevGARCH","All","PB",5.13137643779528,1,11,217,498,498
"2017-10-06",10,2017,499,"abundance","pevGARCH","All","PE",1.64810437069316,0,4,217,498,498
"2017-10-06",11,2017,500,"abundance","pevGARCH","All","PE",2.3099514869819,0,6,217,498,498
"2017-10-06",12,2017,501,"abundance","pevGARCH","All","PE",2.90647560243339,0,7,217,498,498
"2017-10-06",1,2018,502,"abundance","pevGARCH","All","PE",3.36469574201609,0,9,217,498,498
"2017-10-06",2,2018,503,"abundance","pevGARCH","All","PE",3.7407169832694,0,9,217,498,498
"2017-10-06",3,2018,504,"abundance","pevGARCH","All","PE",4.0337735863105,0,9,217,498,498
"2017-10-06",4,2018,505,"abundance","pevGARCH","All","PE",4.35147169452386,0,10,217,498,498
"2017-10-06",5,2018,506,"abundance","pevGARCH","All","PE",4.69889820080602,0,11,217,498,498
"2017-10-06",6,2018,507,"abundance","pevGARCH","All","PE",4.9684768773818,1,11,217,498,498
"2017-10-06",7,2018,508,"abundance","pevGARCH","All","PE",5.18080142202506,0,11,217,498,498
"2017-10-06",8,2018,509,"abundance","pevGARCH","All","PE",4.92047297066273,0,11,217,498,498
"2017-10-06",9,2018,510,"abundance","pevGARCH","All","PE",4.71584150112859,0,11,217,498,498
"2017-10-06",10,2017,499,"abundance","pevGARCH","All","PF",0.958902776643186,0,3,217,498,498
"2017-10-06",11,2017,500,"abundance","pevGARCH","All","PF",1.90026174936082,0,5,217,498,498
"2017-10-06",12,2017,501,"abundance","pevGARCH","All","PF",2.8379108696998,0,7,217,498,498
"2017-10-06",1,2018,502,"abundance","pevGARCH","All","PF",3.80432870112081,0,10,217,498,498
"2017-10-06",2,2018,503,"abundance","pevGARCH","All","PF",4.75817630568511,0,12,217,498,498
"2017-10-06",3,2018,504,"abundance","pevGARCH","All","PF",5.70058518729339,0,14,217,498,498
"2017-10-06",4,2018,505,"abundance","pevGARCH","All","PF",6.63676100489065,1,16,217,498,498
"2017-10-06",5,2018,506,"abundance","pevGARCH","All","PF",7.56187957176022,1,19,217,498,498
"2017-10-06",6,2018,507,"abundance","pevGARCH","All","PF",8.35710301932373,1,20,217,498,498
"2017-10-06",7,2018,508,"abundance","pevGARCH","All","PF",9.12586525900341,1,23,217,498,498
"2017-10-06",8,2018,509,"abundance","pevGARCH","All","PF",9.89000883083685,1,24,217,498,498
"2017-10-06",9,2018,510,"abundance","pevGARCH","All","PF",10.7895160695232,1,26,217,498,498
"2017-10-06",10,2017,499,"abundance","pevGARCH","All","PH",0.221383893807392,0,1,217,498,498
"2017-10-06",11,2017,500,"abundance","pevGARCH","All","PH",0.138526314392988,0,1,217,498,498
"2017-10-06",12,2017,501,"abundance","pevGARCH","All","PH",0.130858211771657,0,1,217,498,498
"2017-10-06",1,2018,502,"abundance","pevGARCH","All","PH",0.133042537320526,0,1,217,498,498
"2017-10-06",2,2018,503,"abundance","pevGARCH","All","PH",0.135016686254766,0,1,217,498,498
"2017-10-06",3,2018,504,"abundance","pevGARCH","All","PH",0.133537319142003,0,1,217,498,498
"2017-10-06",4,2018,505,"abundance","pevGARCH","All","PH",0.133225638785022,0,1,217,498,498
"2017-10-06",5,2018,506,"abundance","pevGARCH","All","PH",0.131802026688052,0,1,217,498,498
"2017-10-06",6,2018,507,"abundance","pevGARCH","All","PH",0.125940073999114,0,1,217,498,498
"2017-10-06",7,2018,508,"abundance","pevGARCH","All","PH",0.117799086656672,0,1,217,498,498
"2017-10-06",8,2018,509,"abundance","pevGARCH","All","PH",0.116352632212024,0,1,217,498,498
"2017-10-06",9,2018,510,"abundance","pevGARCH","All","PH",0.122816468705503,0,1,217,498,498
"2017-10-06",10,2017,499,"abundance","pevGARCH","All","PL",0.174576110754642,0,1,217,498,498
"2017-10-06",11,2017,500,"abundance","pevGARCH","All","PL",0.204971504492481,0,1,217,498,498
"2017-10-06",12,2017,501,"abundance","pevGARCH","All","PL",0.210271643829646,0,1,217,498,498
"2017-10-06",1,2018,502,"abundance","pevGARCH","All","PL",0.211219423250754,0,1,217,498,498
"2017-10-06",2,2018,503,"abundance","pevGARCH","All","PL",0.211503926657078,0,1,217,498,498
"2017-10-06",3,2018,504,"abundance","pevGARCH","All","PL",0.211681813156301,0,1,217,498,498
"2017-10-06",4,2018,505,"abundance","pevGARCH","All","PL",0.211740615568136,0,1,217,498,498
"2017-10-06",5,2018,506,"abundance","pevGARCH","All","PL",0.211680152519857,0,1,217,498,498
"2017-10-06",6,2018,507,"abundance","pevGARCH","All","PL",0.211579264584422,0,1,217,498,498
"2017-10-06",7,2018,508,"abundance","pevGARCH","All","PL",0.211474190437231,0,1,217,498,498
"2017-10-06",8,2018,509,"abundance","pevGARCH","All","PL",0.211366814290218,0,1,217,498,498
"2017-10-06",9,2018,510,"abundance","pevGARCH","All","PL",0.211380705987888,0,1,217,498,498
"2017-10-06",10,2017,499,"abundance","pevGARCH","All","PM",0.648863538909424,0,2,217,498,498
"2017-10-06",11,2017,500,"abundance","pevGARCH","All","PM",1.06913255389421,0,3,217,498,498
"2017-10-06",12,2017,501,"abundance","pevGARCH","All","PM",1.34121994117077,0,4,217,498,498
"2017-10-06",1,2018,502,"abundance","pevGARCH","All","PM",1.51734064086589,0,4,217,498,498
"2017-10-06",2,2018,503,"abundance","pevGARCH","All","PM",1.63133089600118,0,5,217,498,498
"2017-10-06",3,2018,504,"abundance","pevGARCH","All","PM",1.70707996839284,0,5,217,498,498
"2017-10-06",4,2018,505,"abundance","pevGARCH","All","PM",1.75572873301054,0,5,217,498,498
"2017-10-06",5,2018,506,"abundance","pevGARCH","All","PM",1.78796684399082,0,5,217,498,498
"2017-10-06",6,2018,507,"abundance","pevGARCH","All","PM",1.80741524745618,0,5,217,498,498
"2017-10-06",7,2018,508,"abundance","pevGARCH","All","PM",1.81893263615716,0,5,217,498,498
"2017-10-06",8,2018,509,"abundance","pevGARCH","All","PM",1.82641530875731,0,5,217,498,498
"2017-10-06",9,2018,510,"abundance","pevGARCH","All","PM",1.83127222929153,0,5,217,498,498
"2017-10-06",10,2017,499,"abundance","pevGARCH","All","PP",194.0174054866,170,217,217,498,498
"2017-10-06",11,2017,500,"abundance","pevGARCH","All","PP",182.582897565529,154,211,217,498,498
"2017-10-06",12,2017,501,"abundance","pevGARCH","All","PP",177.502089853003,149,206,217,498,498
"2017-10-06",1,2018,502,"abundance","pevGARCH","All","PP",180.222118185816,151,210,217,498,498
"2017-10-06",2,2018,503,"abundance","pevGARCH","All","PP",192.626893517179,163,224,217,498,498
"2017-10-06",3,2018,504,"abundance","pevGARCH","All","PP",219.093874060809,184,255,217,498,498
"2017-10-06",4,2018,505,"abundance","pevGARCH","All","PP",229.35640347707,194,264,217,498,498
"2017-10-06",5,2018,506,"abundance","pevGARCH","All","PP",211.75788559279,177,245,217,498,498
"2017-10-06",6,2018,507,"abundance","pevGARCH","All","PP",196.516647768176,164,227,217,498,498
"2017-10-06",7,2018,508,"abundance","pevGARCH","All","PP",181.811222832538,152,210,217,498,498
"2017-10-06",8,2018,509,"abundance","pevGARCH","All","PP",172.548380433169,144,200,217,498,498
"2017-10-06",9,2018,510,"abundance","pevGARCH","All","PP",165.839272820902,138,195,217,498,498
"2017-10-06",10,2017,499,"abundance","pevGARCH","All","RF",0.0143074638956049,0,0,217,498,498
"2017-10-06",11,2017,500,"abundance","pevGARCH","All","RF",0.0170866457859432,0,0,217,498,498
"2017-10-06",12,2017,501,"abundance","pevGARCH","All","RF",0.0165369979815397,0,0,217,498,498
"2017-10-06",1,2018,502,"abundance","pevGARCH","All","RF",0.0202307689266146,0,0,217,498,498
"2017-10-06",2,2018,503,"abundance","pevGARCH","All","RF",0.0236823711405855,0,0,217,498,498
"2017-10-06",3,2018,504,"abundance","pevGARCH","All","RF",0.0220189118083995,0,0,217,498,498
"2017-10-06",4,2018,505,"abundance","pevGARCH","All","RF",0.025815032594076,0,0,217,498,498
"2017-10-06",5,2018,506,"abundance","pevGARCH","All","RF",0.0257838907479648,0,0,217,498,498
"2017-10-06",6,2018,507,"abundance","pevGARCH","All","RF",0.0231283592071465,0,0,217,498,498
"2017-10-06",7,2018,508,"abundance","pevGARCH","All","RF",0.0184592868038434,0,0,217,498,498
"2017-10-06",8,2018,509,"abundance","pevGARCH","All","RF",0.0164997329199436,0,0,217,498,498
"2017-10-06",9,2018,510,"abundance","pevGARCH","All","RF",0.0188330451462897,0,0,217,498,498
"2017-10-06",10,2017,499,"abundance","pevGARCH","All","RM",0.821462820379963,0,2,217,498,498
"2017-10-06",11,2017,500,"abundance","pevGARCH","All","RM",1.4365319920898,0,4,217,498,498
"2017-10-06",12,2017,501,"abundance","pevGARCH","All","RM",1.88821225245293,0,5,217,498,498
"2017-10-06",1,2018,502,"abundance","pevGARCH","All","RM",2.19709905059934,0,6,217,498,498
"2017-10-06",2,2018,503,"abundance","pevGARCH","All","RM",2.40091844875743,0,7,217,498,498
"2017-10-06",3,2018,504,"abundance","pevGARCH","All","RM",2.29274156948628,0,6,217,498,498
"2017-10-06",4,2018,505,"abundance","pevGARCH","All","RM",2.23835651657788,0,6,217,498,498
"2017-10-06",5,2018,506,"abundance","pevGARCH","All","RM",2.22329511612618,0,6,217,498,498
"2017-10-06",6,2018,507,"abundance","pevGARCH","All","RM",2.41330329852112,0,6,217,498,498
"2017-10-06",7,2018,508,"abundance","pevGARCH","All","RM",2.55741687720045,0,6,217,498,498
"2017-10-06",8,2018,509,"abundance","pevGARCH","All","RM",2.73701411003991,0,7,217,498,498
"2017-10-06",9,2018,510,"abundance","pevGARCH","All","RM",2.82778610345834,0,7,217,498,498
"2017-10-06",10,2017,499,"abundance","pevGARCH","All","RO",0.37206166736756,0,2,217,498,498
"2017-10-06",11,2017,500,"abundance","pevGARCH","All","RO",0.563148474939828,0,2,217,498,498
"2017-10-06",12,2017,501,"abundance","pevGARCH","All","RO",0.607982626261554,0,2,217,498,498
"2017-10-06",1,2018,502,"abundance","pevGARCH","All","RO",0.692591605407255,0,2,217,498,498
"2017-10-06",2,2018,503,"abundance","pevGARCH","All","RO",0.847175865407635,0,3,217,498,498
"2017-10-06",3,2018,504,"abundance","pevGARCH","All","RO",1.07612984248377,0,3,217,498,498
"2017-10-06",4,2018,505,"abundance","pevGARCH","All","RO",1.19338471689821,0,3,217,498,498
"2017-10-06",5,2018,506,"abundance","pevGARCH","All","RO",1.27508693084581,0,4,217,498,498
"2017-10-06",6,2018,507,"abundance","pevGARCH","All","RO",0.901397247796543,0,3,217,498,498
"2017-10-06",7,2018,508,"abundance","pevGARCH","All","RO",0.852679076435379,0,3,217,498,498
"2017-10-06",8,2018,509,"abundance","pevGARCH","All","RO",0.692907029369929,0,2,217,498,498
"2017-10-06",9,2018,510,"abundance","pevGARCH","All","RO",0.636205908492178,0,2,217,498,498
"2017-10-06",10,2017,499,"abundance","pevGARCH","All","SF",0.451072812343025,0,2,217,498,498
"2017-10-06",11,2017,500,"abundance","pevGARCH","All","SF",0.639371561910123,0,2,217,498,498
"2017-10-06",12,2017,501,"abundance","pevGARCH","All","SF",0.720573152117131,0,2,217,498,498
"2017-10-06",1,2018,502,"abundance","pevGARCH","All","SF",0.754766745382183,0,3,217,498,498
"2017-10-06",2,2018,503,"abundance","pevGARCH","All","SF",0.768002757393785,0,3,217,498,498
"2017-10-06",3,2018,504,"abundance","pevGARCH","All","SF",0.774054905337346,0,3,217,498,498
"2017-10-06",4,2018,505,"abundance","pevGARCH","All","SF",0.776913321661577,0,3,217,498,498
"2017-10-06",5,2018,506,"abundance","pevGARCH","All","SF",0.778304804302441,0,3,217,498,498
"2017-10-06",6,2018,507,"abundance","pevGARCH","All","SF",0.779721596421149,0,3,217,498,498
"2017-10-06",7,2018,508,"abundance","pevGARCH","All","SF",0.780746882611593,0,3,217,498,498
"2017-10-06",8,2018,509,"abundance","pevGARCH","All","SF",0.780779198532242,0,3,217,498,498
"2017-10-06",9,2018,510,"abundance","pevGARCH","All","SF",0.780704878172267,0,3,217,498,498
"2017-10-06",10,2017,499,"abundance","pevGARCH","All","SH",0.41270433329266,0,2,217,498,498
"2017-10-06",11,2017,500,"abundance","pevGARCH","All","SH",0.559344775620583,0,2,217,498,498
"2017-10-06",12,2017,501,"abundance","pevGARCH","All","SH",0.61347886479388,0,2,217,498,498
"2017-10-06",1,2018,502,"abundance","pevGARCH","All","SH",0.619984056759045,0,2,217,498,498
"2017-10-06",2,2018,503,"abundance","pevGARCH","All","SH",0.649697981975103,0,2,217,498,498
"2017-10-06",3,2018,504,"abundance","pevGARCH","All","SH",0.716125480829529,0,2,217,498,498
"2017-10-06",4,2018,505,"abundance","pevGARCH","All","SH",0.707888703526705,0,3,217,498,498
"2017-10-06",5,2018,506,"abundance","pevGARCH","All","SH",0.656347039702975,0,2,217,498,498
"2017-10-06",6,2018,507,"abundance","pevGARCH","All","SH",0.753942361642483,0,3,217,498,498
"2017-10-06",7,2018,508,"abundance","pevGARCH","All","SH",0.705099453550151,0,2,217,498,498
"2017-10-06",8,2018,509,"abundance","pevGARCH","All","SH",0.72683942368913,0,3,217,498,498
"2017-10-06",9,2018,510,"abundance","pevGARCH","All","SH",0.665541624083833,0,2,217,498,498
"2017-10-06",10,2017,499,"abundance","pevGARCH","All","SO",2.67683308397459e-24,0,0,217,498,498
"2017-10-06",11,2017,500,"abundance","pevGARCH","All","SO",6.70046295383474e-27,0,0,217,498,498
"2017-10-06",12,2017,501,"abundance","pevGARCH","All","SO",7.95788681945778e-18,0,0,217,498,498
"2017-10-06",1,2018,502,"abundance","pevGARCH","All","SO",9.64199308659928e-18,0,0,217,498,498
"2017-10-06",2,2018,503,"abundance","pevGARCH","All","SO",2.08890247310635e-10,0,0,217,498,498
"2017-10-06",3,2018,504,"abundance","pevGARCH","All","SO",3.3867660054432e-25,0,0,217,498,498
"2017-10-06",4,2018,505,"abundance","pevGARCH","All","SO",5.8917566481846e-19,0,0,217,498,498
"2017-10-06",5,2018,506,"abundance","pevGARCH","All","SO",5.28415473195078e-20,0,0,217,498,498
"2017-10-06",6,2018,507,"abundance","pevGARCH","All","SO",6.50794781576328e-20,0,0,217,498,498
"2017-10-06",7,2018,508,"abundance","pevGARCH","All","SO",1.97935997998052e-16,0,0,217,498,498
"2017-10-06",8,2018,509,"abundance","pevGARCH","All","SO",2.83621943683523e-13,0,0,217,498,498
"2017-10-06",9,2018,510,"abundance","pevGARCH","All","SO",7.99375654774415e-14,0,0,217,498,498
"2017-10-06",10,2017,499,"abundance","pevGARCH","All","total",222.974514151654,200,248,217,498,498
"2017-10-06",11,2017,500,"abundance","pevGARCH","All","total",179.221390270958,155,206,217,498,498
"2017-10-06",12,2017,501,"abundance","pevGARCH","All","total",150.278991371988,123,177,217,498,498
"2017-10-06",1,2018,502,"abundance","pevGARCH","All","total",131.854305422843,105,160,217,498,498
"2017-10-06",2,2018,503,"abundance","pevGARCH","All","total",119.310542079692,92,146,217,498,498
"2017-10-06",3,2018,504,"abundance","pevGARCH","All","total",108.427649621851,82,135,217,498,498
"2017-10-06",4,2018,505,"abundance","pevGARCH","All","total",100.069276664383,75,126,217,498,498
"2017-10-06",5,2018,506,"abundance","pevGARCH","All","total",92.7677938060158,67,118,217,498,498
"2017-10-06",6,2018,507,"abundance","pevGARCH","All","total",86.7063589598023,62,112,217,498,498
"2017-10-06",7,2018,508,"abundance","pevGARCH","All","total",81.5868741327972,58,107,217,498,498
"2017-10-06",8,2018,509,"abundance","pevGARCH","All","total",78.0085079488099,54,103,217,498,498
"2017-10-06",9,2018,510,"abundance","pevGARCH","All","total",74.5451542645375,51,102,217,498,498
"2017-10-06",10,2017,499,"abundance","Ensemble","All","BA",0.0670043589322772,0,1,217,498,498
"2017-10-06",10,2017,499,"abundance","Ensemble","All","DM",40.5031611338344,24.0063253135485,56.9999969541203,217,498,498
"2017-10-06",10,2017,499,"abundance","Ensemble","All","DO",7.86044457605565,0,15.9999999999944,217,498,498
"2017-10-06",10,2017,499,"abundance","Ensemble","All","DS",0.0663772575122778,0,1.00000000000001,217,498,498
"2017-10-06",10,2017,499,"abundance","Ensemble","All","NA",5.29100715275605,0,10.7268932504982,217,498,498
"2017-10-06",10,2017,499,"abundance","Ensemble","All","OL",0.543276412000345,0,3.00000000000023,217,498,498
"2017-10-06",10,2017,499,"abundance","Ensemble","All","OT",14.2887157226594,0.577431445318775,28,217,498,498
"2017-10-06",10,2017,499,"abundance","Ensemble","All","PB",6.07250597860756,0,13,217,498,498
"2017-10-06",10,2017,499,"abundance","Ensemble","All","PE",1.59234577989318,0,4,217,498,498
"2017-10-06",10,2017,499,"abundance","Ensemble","All","PF",0.565967698326926,0,3,217,498,498
"2017-10-06",10,2017,499,"abundance","Ensemble","All","PH",0.247779049986978,0,1.39289531919075,217,498,498
"2017-10-06",10,2017,499,"abundance","Ensemble","All","PL",0.0984930878260553,0,1,217,498,498
"2017-10-06",10,2017,499,"abundance","Ensemble","All","PM",0.137537393639216,0,1,217,498,498
"2017-10-06",10,2017,499,"abundance","Ensemble","All","PP",195.794058277864,0,616,217,498,498
"2017-10-06",10,2017,499,"abundance","Ensemble","All","RF",0.0143074638956049,0,0.0286149277912097,217,498,498
"2017-10-06",10,2017,499,"abundance","Ensemble","All","RM",0.73058551744324,0,3,217,498,498
"2017-10-06",10,2017,499,"abundance","Ensemble","All","RO",0.120891050712386,0,1.05441095368079,217,498,498
"2017-10-06",10,2017,499,"abundance","Ensemble","All","SF",0.0796411682436487,0,1,217,498,498
"2017-10-06",10,2017,499,"abundance","Ensemble","All","SH",0.138949978256291,0,1,217,498,498
"2017-10-06",10,2017,499,"abundance","Ensemble","All","SO",2.67683308397459e-24,0,5.35366616794917e-24,217,498,498
"2017-10-06",10,2017,499,"abundance","Ensemble","All","total",268.021068162289,103.364350932139,432.677785392439,217,498,498
"2017-10-06",11,2017,500,"abundance","Ensemble","All","BA",0.129408687769099,0,1,217,498,498
"2017-10-06",11,2017,500,"abundance","Ensemble","All","DM",39.1048449917683,18.2096939163625,59.9999960671741,217,498,498
"2017-10-06",11,2017,500,"abundance","Ensemble","All","DO",8.59135308897727,0,19.9999999999914,217,498,498
"2017-10-06",11,2017,500,"abundance","Ensemble","All","DS",0.121521174161403,0,1.00000000000001,217,498,498
"2017-10-06",11,2017,500,"abundance","Ensemble","All","NA",4.81340517423648,0,11.7275726234801,217,498,498
"2017-10-06",11,2017,500,"abundance","Ensemble","All","OL",0.913695465701788,0,4.0000000000038,217,498,498
"2017-10-06",11,2017,500,"abundance","Ensemble","All","OT",13.7001067554118,0,33,217,498,498
"2017-10-06",11,2017,500,"abundance","Ensemble","All","PB",6.19900346859863,0,17,217,498,498
"2017-10-06",11,2017,500,"abundance","Ensemble","All","PE",2.19282770821778,0,6,217,498,498
"2017-10-06",11,2017,500,"abundance","Ensemble","All","PF",1.05064669235755,0,4,217,498,498
"2017-10-06",11,2017,500,"abundance","Ensemble","All","PH",0.147413079359463,0,1.00129576452292,217,498,498
"2017-10-06",11,2017,500,"abundance","Ensemble","All","PL",0.175729751830032,0,1,217,498,498
"2017-10-06",11,2017,500,"abundance","Ensemble","All","PM",0.263292841879096,0,1,217,498,498
"2017-10-06",11,2017,500,"abundance","Ensemble","All","PP",180.383775365575,0,692,217,498,498
"2017-10-06",11,2017,500,"abundance","Ensemble","All","RF",0.0170866457859432,0,0.0341732915718864,217,498,498
"2017-10-06",11,2017,500,"abundance","Ensemble","All","RM",1.34817028421286,0,5,217,498,498
"2017-10-06",11,2017,500,"abundance","Ensemble","All","RO",0.19832547959566,0,1.05674577171464,217,498,498
"2017-10-06",11,2017,500,"abundance","Ensemble","All","SF",0.132962988077308,0,1,217,498,498
"2017-10-06",11,2017,500,"abundance","Ensemble","All","SH",0.258688845878962,0,1,217,498,498
"2017-10-06",11,2017,500,"abundance","Ensemble","All","SO",6.70046295383474e-27,0,1.34009259076695e-26,217,498,498
"2017-10-06",11,2017,500,"abundance","Ensemble","All","total",249.31729580587,26.8573473582425,471.777244253497,217,498,498
"2017-10-06",12,2017,501,"abundance","Ensemble","All","BA",0.188095091441649,0,1,217,498,498
"2017-10-06",12,2017,501,"abundance","Ensemble","All","DM",38.0782853445789,14.1565754257774,61.9999952633804,217,498,498
"2017-10-06",12,2017,501,"abundance","Ensemble","All","DO",9.21222660730337,0,21.9999999999904,217,498,498
"2017-10-06",12,2017,501,"abundance","Ensemble","All","DS",0.145126301715333,0,1.00000000000001,217,498,498
"2017-10-06",12,2017,501,"abundance","Ensemble","All","NA",4.66002251757917,0,11.859986754934,217,498,498
"2017-10-06",12,2017,501,"abundance","Ensemble","All","OL",1.20553972221641,0,5.00000000000622,217,498,498
"2017-10-06",12,2017,501,"abundance","Ensemble","All","OT",13.1999593278174,0,41,217,498,498
"2017-10-06",12,2017,501,"abundance","Ensemble","All","PB",6.32280291713408,0,21,217,498,498
"2017-10-06",12,2017,501,"abundance","Ensemble","All","PE",2.78160236573814,0,7.99999999999945,217,498,498
"2017-10-06",12,2017,501,"abundance","Ensemble","All","PF",1.47393151701648,0,7,217,498,498
"2017-10-06",12,2017,501,"abundance","Ensemble","All","PH",0.129196244936542,0,0.946975567290986,217,498,498
"2017-10-06",12,2017,501,"abundance","Ensemble","All","PL",0.236297477192764,0,1,217,498,498
"2017-10-06",12,2017,501,"abundance","Ensemble","All","PM",0.378769751725909,0,2,217,498,498
"2017-10-06",12,2017,501,"abundance","Ensemble","All","PP",166.581751430017,0,668,217,498,498
"2017-10-06",12,2017,501,"abundance","Ensemble","All","RF",0.0165369979815397,0,0.0330739959630794,217,498,498
"2017-10-06",12,2017,501,"abundance","Ensemble","All","RM",1.87023229480495,0,8,217,498,498
"2017-10-06",12,2017,501,"abundance","Ensemble","All","RO",0.246090323069859,0,1.05770623463512,217,498,498
"2017-10-06",12,2017,501,"abundance","Ensemble","All","SF",0.186758357912892,0,1,217,498,498
"2017-10-06",12,2017,501,"abundance","Ensemble","All","SH",0.364779967495483,0,1,217,498,498
"2017-10-06",12,2017,501,"abundance","Ensemble","All","SO",7.95788681945778e-18,0,1.59157736389156e-17,217,498,498
"2017-10-06",12,2017,501,"abundance","Ensemble","All","total",233.950521983549,0,489.137472458237,217,498,498
"2017-10-06",1,2018,502,"abundance","Ensemble","All","BA",0.242838310638234,0,0.485676621276468,217,498,498
"2017-10-06",1,2018,502,"abundance","Ensemble","All","DM",37.2247769057226,9.44955966195323,64.9999941494919,217,498,498
"2017-10-06",1,2018,502,"abundance","Ensemble","All","DO",9.73963040368858,0,24.9999999999877,217,498,498
"2017-10-06",1,2018,502,"abundance","Ensemble","All","DS",0.186943140846253,0,1.00000000000001,217,498,498
"2017-10-06",1,2018,502,"abundance","Ensemble","All","NA",4.57136877712565,0,12.4921470535686,217,498,498
"2017-10-06",1,2018,502,"abundance","Ensemble","All","OL",1.36849744986088,0,6.0000000000089,217,498,498
"2017-10-06",1,2018,502,"abundance","Ensemble","All","OT",12.7974666597242,0,39,217,498,498
"2017-10-06",1,2018,502,"abundance","Ensemble","All","PB",6.40271991785568,0,21,217,498,498
"2017-10-06",1,2018,502,"abundance","Ensemble","All","PE",3.2127332805361,0,9.99999999999944,217,498,498
"2017-10-06",1,2018,502,"abundance","Ensemble","All","PF",1.84272234222102,0,8,217,498,498
"2017-10-06",1,2018,502,"abundance","Ensemble","All","PH",0.126308261350841,0,0.942003973298116,217,498,498
"2017-10-06",1,2018,502,"abundance","Ensemble","All","PL",0.283793693715982,0,1,217,498,498
"2017-10-06",1,2018,502,"abundance","Ensemble","All","PM",0.483744795745855,0,3,217,498,498
"2017-10-06",1,2018,502,"abundance","Ensemble","All","PP",154.220144194164,0,609,217,498,498
"2017-10-06",1,2018,502,"abundance","Ensemble","All","RF",0.0202307689266146,0,0.0404615378532291,217,498,498
"2017-10-06",1,2018,502,"abundance","Ensemble","All","RM",2.31154619626186,0,10,217,498,498
"2017-10-06",1,2018,502,"abundance","Ensemble","All","RO",0.279697948952806,0,1.05977074026108,217,498,498
"2017-10-06",1,2018,502,"abundance","Ensemble","All","SF",0.235178429297641,0,1,217,498,498
"2017-10-06",1,2018,502,"abundance","Ensemble","All","SH",0.453960085987958,0,1,217,498,498
"2017-10-06",1,2018,502,"abundance","Ensemble","All","SO",9.64199308659928e-18,0,1.92839861731986e-17,217,498,498
"2017-10-06",1,2018,502,"abundance","Ensemble","All","total",221.221330880529,0,495.429840340628,217,498,498
"2017-10-06",2,2018,503,"abundance","Ensemble","All","BA",0.29403585326406,0,1,217,498,498
"2017-10-06",2,2018,503,"abundance","Ensemble","All","DM",36.7958398046601,7.59168552063768,65.9999940886826,217,498,498
"2017-10-06",2,2018,503,"abundance","Ensemble","All","DO",10.1876359304275,0,24.9999999999879,217,498,498
"2017-10-06",2,2018,503,"abundance","Ensemble","All","DS",0.221683116225838,0,2,217,498,498
"2017-10-06",2,2018,503,"abundance","Ensemble","All","NA",4.59719489710783,0,12.1484661069398,217,498,498
"2017-10-06",2,2018,503,"abundance","Ensemble","All","OL",1.55289810961256,0,7.00000000001362,217,498,498
"2017-10-06",2,2018,503,"abundance","Ensemble","All","OT",12.4785209078212,0,36,217,498,498
"2017-10-06",2,2018,503,"abundance","Ensemble","All","PB",6.47832640602198,0,21,217,498,498
"2017-10-06",2,2018,503,"abundance","Ensemble","All","PE",3.57738084136277,0,10.9999999999989,217,498,498
"2017-10-06",2,2018,503,"abundance","Ensemble","All","PF",2.16846579699083,0,8,217,498,498
"2017-10-06",2,2018,503,"abundance","Ensemble","All","PH",0.126024271196703,0,0.94014669825751,217,498,498
"2017-10-06",2,2018,503,"abundance","Ensemble","All","PL",0.356204178593608,0,1,217,498,498
"2017-10-06",2,2018,503,"abundance","Ensemble","All","PM",0.579152353834802,0,3,217,498,498
"2017-10-06",2,2018,503,"abundance","Ensemble","All","PP",143.148627860069,0,517,217,498,498
"2017-10-06",2,2018,503,"abundance","Ensemble","All","RF",0.0236823711405855,0,0.0473647422811711,217,498,498
"2017-10-06",2,2018,503,"abundance","Ensemble","All","RM",2.68460141895128,0,10,217,498,498
"2017-10-06",2,2018,503,"abundance","Ensemble","All","RO",0.305717473325202,0,1.14752178953017,217,498,498
"2017-10-06",2,2018,503,"abundance","Ensemble","All","SF",0.273197191741681,0,1,217,498,498
"2017-10-06",2,2018,503,"abundance","Ensemble","All","SH",0.544480869043492,0.0889617380869843,1,217,498,498
"2017-10-06",2,2018,503,"abundance","Ensemble","All","SO",2.08890247310635e-10,0,4.17780494621269e-10,217,498,498
"2017-10-06",2,2018,503,"abundance","Ensemble","All","total",210.600629421438,0,495.516900498566,217,498,498
"2017-10-06",3,2018,504,"abundance","Ensemble","All","BA",0.341931188743823,0,1,217,498,498
"2017-10-06",3,2018,504,"abundance","Ensemble","All","DM",37.1318578532653,7.26372196491961,66.999993741611,217,498,498
"2017-10-06",3,2018,504,"abundance","Ensemble","All","DO",10.5681962505748,0,27.9999999999852,217,498,498
"2017-10-06",3,2018,504,"abundance","Ensemble","All","DS",0.250543879350502,0,2,217,498,498
"2017-10-06",3,2018,504,"abundance","Ensemble","All","NA",4.67804016327195,0,12.7571354183153,217,498,498
"2017-10-06",3,2018,504,"abundance","Ensemble","All","OL",1.63730327244867,0,7.00000000001994,217,498,498
"2017-10-06",3,2018,504,"abundance","Ensemble","All","OT",12.2003660193224,0,38,217,498,498
"2017-10-06",3,2018,504,"abundance","Ensemble","All","PB",6.43069777251079,0,22,217,498,498
"2017-10-06",3,2018,504,"abundance","Ensemble","All","PE",3.84216964993175,0,11.9999999999985,217,498,498
"2017-10-06",3,2018,504,"abundance","Ensemble","All","PF",2.45600926731565,0,9,217,498,498
"2017-10-06",3,2018,504,"abundance","Ensemble","All","PH",0.123864508173666,0,0.939477236721262,217,498,498
"2017-10-06",3,2018,504,"abundance","Ensemble","All","PL",0.521635232796527,0,2,217,498,498
"2017-10-06",3,2018,504,"abundance","Ensemble","All","PM",0.709039520517153,0,3,217,498,498
"2017-10-06",3,2018,504,"abundance","Ensemble","All","PP",133.232565039512,0,425,217,498,498
"2017-10-06",3,2018,504,"abundance","Ensemble","All","RF",0.0220189118083995,0,0.044037823616799,217,498,498
"2017-10-06",3,2018,504,"abundance","Ensemble","All","RM",2.99995563445983,0,9,217,498,498
"2017-10-06",3,2018,504,"abundance","Ensemble","All","RO",0.327861021624392,0,1.15420412412661,217,498,498
"2017-10-06",3,2018,504,"abundance","Ensemble","All","SF",0.308234033262236,0,1,217,498,498
"2017-10-06",3,2018,504,"abundance","Ensemble","All","SH",0.651237533306547,0,2,217,498,498
"2017-10-06",3,2018,504,"abundance","Ensemble","All","SO",3.3867660054432e-25,0,6.7735320108864e-25,217,498,498
"2017-10-06",3,2018,504,"abundance","Ensemble","All","total",201.682750760791,0,492.083210751073,217,498,498
"2017-10-06",4,2018,505,"abundance","Ensemble","All","BA",0.386844296301547,0,1,217,498,498
"2017-10-06",4,2018,505,"abundance","Ensemble","All","DM",37.4583694784149,6.91674555564126,67.9999934011886,217,498,498
"2017-10-06",4,2018,505,"abundance","Ensemble","All","DO",10.8914649298338,0,27.9999999999848,217,498,498
"2017-10-06",4,2018,505,"abundance","Ensemble","All","DS",0.274520397446748,0,2,217,498,498
"2017-10-06",4,2018,505,"abundance","Ensemble","All","NA",4.84680332765388,0,13.3827908810628,217,498,498
"2017-10-06",4,2018,505,"abundance","Ensemble","All","OL",1.66925487130081,0,7.0000000000272,217,498,498
"2017-10-06",4,2018,505,"abundance","Ensemble","All","OT",11.9425785292011,0,37,217,498,498
"2017-10-06",4,2018,505,"abundance","Ensemble","All","PB",6.41796143556908,0,23,217,498,498
"2017-10-06",4,2018,505,"abundance","Ensemble","All","PE",4.15494305528906,0,11.9999999999989,217,498,498
"2017-10-06",4,2018,505,"abundance","Ensemble","All","PF",2.71024376245883,0,10,217,498,498
"2017-10-06",4,2018,505,"abundance","Ensemble","All","PH",0.12323011501727,0,0.939193095035112,217,498,498
"2017-10-06",4,2018,505,"abundance","Ensemble","All","PL",0.68337453611858,0,3,217,498,498
"2017-10-06",4,2018,505,"abundance","Ensemble","All","PM",0.814337057032193,0,3,217,498,498
"2017-10-06",4,2018,505,"abundance","Ensemble","All","PP",124.351369466818,0,336,217,498,498
"2017-10-06",4,2018,505,"abundance","Ensemble","All","RF",0.025815032594076,0,0.0516300651881521,217,498,498
"2017-10-06",4,2018,505,"abundance","Ensemble","All","RM",3.26653354352456,0,11,217,498,498
"2017-10-06",4,2018,505,"abundance","Ensemble","All","RO",0.341114592050742,0,1.16089177554146,217,498,498
"2017-10-06",4,2018,505,"abundance","Ensemble","All","SF",0.341686767934172,0,0.683373535868345,217,498,498
"2017-10-06",4,2018,505,"abundance","Ensemble","All","SH",0.715466822484724,0.430933644969449,1,217,498,498
"2017-10-06",4,2018,505,"abundance","Ensemble","All","SO",5.8917566481846e-19,0,1.17835132963692e-18,217,498,498
"2017-10-06",4,2018,505,"abundance","Ensemble","All","total",194.152780463836,0,486.724631350697,217,498,498
"2017-10-06",5,2018,506,"abundance","Ensemble","All","BA",0.428724523981171,0,1,217,498,498
"2017-10-06",5,2018,506,"abundance","Ensemble","All","DM",37.4814254296258,5.96285752244329,68.9999933368083,217,498,498
"2017-10-06",5,2018,506,"abundance","Ensemble","All","DO",11.1660669590702,0,28.999999999984,217,498,498
"2017-10-06",5,2018,506,"abundance","Ensemble","All","DS",0.272232734417977,0,2,217,498,498
"2017-10-06",5,2018,506,"abundance","Ensemble","All","NA",4.4519504531398,0,12.3480534422983,217,498,498
"2017-10-06",5,2018,506,"abundance","Ensemble","All","OL",1.90839186893848,0,6.00000000004391,217,498,498
"2017-10-06",5,2018,506,"abundance","Ensemble","All","OT",11.7536113587482,0,37,217,498,498
"2017-10-06",5,2018,506,"abundance","Ensemble","All","PB",6.37555572466447,0,24,217,498,498
"2017-10-06",5,2018,506,"abundance","Ensemble","All","PE",4.62674527540796,0,13.9999999999984,217,498,498
"2017-10-06",5,2018,506,"abundance","Ensemble","All","PF",2.93473555743513,0,11,217,498,498
"2017-10-06",5,2018,506,"abundance","Ensemble","All","PH",0.121821737193016,0,0.939107723411903,217,498,498
"2017-10-06",5,2018,506,"abundance","Ensemble","All","PL",0.741455256605698,0,2,217,498,498
"2017-10-06",5,2018,506,"abundance","Ensemble","All","PM",0.939518349588236,0,4,217,498,498
"2017-10-06",5,2018,506,"abundance","Ensemble","All","PP",116.397039589598,0,311,217,498,498
"2017-10-06",5,2018,506,"abundance","Ensemble","All","RF",0.0257838907479648,0,0.0515677814959297,217,498,498
"2017-10-06",5,2018,506,"abundance","Ensemble","All","RM",3.49187945015001,0,12,217,498,498
"2017-10-06",5,2018,506,"abundance","Ensemble","All","RO",0.35001562246301,0,1.26805028047936,217,498,498
"2017-10-06",5,2018,506,"abundance","Ensemble","All","SF",0.371375656798,0,1,217,498,498
"2017-10-06",5,2018,506,"abundance","Ensemble","All","SH",0.75767931468295,0,2,217,498,498
"2017-10-06",5,2018,506,"abundance","Ensemble","All","SO",5.28415473195078e-20,0,1.05683094639016e-19,217,498,498
"2017-10-06",5,2018,506,"abundance","Ensemble","All","total",187.763442314125,0,480.419516534294,217,498,498
"2017-10-06",6,2018,507,"abundance","Ensemble","All","BA",0.467911892464772,0,1,217,498,498
"2017-10-06",6,2018,507,"abundance","Ensemble","All","DM",37.7869321823469,9.57387029577298,65.9999940689209,217,498,498
"2017-10-06",6,2018,507,"abundance","Ensemble","All","DO",11.3993288894959,0,30.9999999999828,217,498,498
"2017-10-06",6,2018,507,"abundance","Ensemble","All","DS",0.270332223540595,0,2,217,498,498
"2017-10-06",6,2018,507,"abundance","Ensemble","All","NA",4.65100532367469,0,12.8386205568563,217,498,498
"2017-10-06",6,2018,507,"abundance","Ensemble","All","OL",1.98558812543694,0,7.00000000004881,217,498,498
"2017-10-06",6,2018,507,"abundance","Ensemble","All","OT",11.5690292923025,0,35,217,498,498
"2017-10-06",6,2018,507,"abundance","Ensemble","All","PB",6.35451988912768,0,26,217,498,498
"2017-10-06",6,2018,507,"abundance","Ensemble","All","PE",4.98947036147951,0,15.9999999999976,217,498,498
"2017-10-06",6,2018,507,"abundance","Ensemble","All","PF",3.13792782133348,0,11,217,498,498
"2017-10-06",6,2018,507,"abundance","Ensemble","All","PH",0.116581300896709,0,0.939213750866716,217,498,498
"2017-10-06",6,2018,507,"abundance","Ensemble","All","PL",0.750259600619941,0,2,217,498,498
"2017-10-06",6,2018,507,"abundance","Ensemble","All","PM",1.00968336680026,0,4,217,498,498
"2017-10-06",6,2018,507,"abundance","Ensemble","All","PP",109.27284518206,0,238,217,498,498
"2017-10-06",6,2018,507,"abundance","Ensemble","All","RF",0.0231283592071465,0,0.046256718414293,217,498,498
"2017-10-06",6,2018,507,"abundance","Ensemble","All","RM",3.68237076957524,0,11,217,498,498
"2017-10-06",6,2018,507,"abundance","Ensemble","All","RO",0.33900468733733,0,1.1504725975536,217,498,498
"2017-10-06",6,2018,507,"abundance","Ensemble","All","SF",0.398340022257855,0,1,217,498,498
"2017-10-06",6,2018,507,"abundance","Ensemble","All","SH",0.906779551428921,0,2,217,498,498
"2017-10-06",6,2018,507,"abundance","Ensemble","All","SO",6.50794781576328e-20,0,1.30158956315266e-19,217,498,498
"2017-10-06",6,2018,507,"abundance","Ensemble","All","total",182.318512759687,0,473.772812212039,217,498,498
"2017-10-06",7,2018,508,"abundance","Ensemble","All","BA",0.504706255736631,0.00941251147326222,1,217,498,498
"2017-10-06",7,2018,508,"abundance","Ensemble","All","DM",37.3505886545764,7.70118362680898,66.9999936823438,217,498,498
"2017-10-06",7,2018,508,"abundance","Ensemble","All","DO",11.5974742906463,0,30.9999999999824,217,498,498
"2017-10-06",7,2018,508,"abundance","Ensemble","All","DS",0.268753345212006,0,2,217,498,498
"2017-10-06",7,2018,508,"abundance","Ensemble","All","NA",4.77072310876394,0,12.9326903376504,217,498,498
"2017-10-06",7,2018,508,"abundance","Ensemble","All","OL",1.91822380670074,0,7.00000000005531,217,498,498
"2017-10-06",7,2018,508,"abundance","Ensemble","All","OT",11.4420124500991,0,37,217,498,498
"2017-10-06",7,2018,508,"abundance","Ensemble","All","PB",6.42232838254369,0,24,217,498,498
"2017-10-06",7,2018,508,"abundance","Ensemble","All","PE",5.23353130820016,0,16.9999999999972,217,498,498
"2017-10-06",7,2018,508,"abundance","Ensemble","All","PF",3.31744779615397,0,11,217,498,498
"2017-10-06",7,2018,508,"abundance","Ensemble","All","PH",0.109519493393153,0,0.93956375356392,217,498,498
"2017-10-06",7,2018,508,"abundance","Ensemble","All","PL",0.721999091883138,0,2,217,498,498
"2017-10-06",7,2018,508,"abundance","Ensemble","All","PM",1.05829672324607,0,4,217,498,498
"2017-10-06",7,2018,508,"abundance","Ensemble","All","PP",102.892151057082,0,217,217,498,498
"2017-10-06",7,2018,508,"abundance","Ensemble","All","RF",0.0184592868038434,0,0.0369185736076868,217,498,498
"2017-10-06",7,2018,508,"abundance","Ensemble","All","RM",3.84339851276206,0,12,217,498,498
"2017-10-06",7,2018,508,"abundance","Ensemble","All","RO",0.339540608466426,0,1.15034110816755,217,498,498
"2017-10-06",7,2018,508,"abundance","Ensemble","All","SF",0.423965450579544,0,1,217,498,498
"2017-10-06",7,2018,508,"abundance","Ensemble","All","SH",0.922578999400812,0.845157998801624,1,217,498,498
"2017-10-06",7,2018,508,"abundance","Ensemble","All","SO",1.97935997998052e-16,0,3.95871995996103e-16,217,498,498
"2017-10-06",7,2018,508,"abundance","Ensemble","All","total",177.660760773847,0,467.155650140376,217,498,498
"2017-10-06",8,2018,509,"abundance","Ensemble","All","BA",0.539112523394559,0.0782250467891185,1,217,498,498
"2017-10-06",8,2018,509,"abundance","Ensemble","All","DM",36.6056023886161,8.21121073477238,64.9999940424599,217,498,498
"2017-10-06",8,2018,509,"abundance","Ensemble","All","DO",11.7657897725748,0,33.9999999999797,217,498,498
"2017-10-06",8,2018,509,"abundance","Ensemble","All","DS",0.290241772984939,0,2,217,498,498
"2017-10-06",8,2018,509,"abundance","Ensemble","All","NA",4.97010312935772,0,12.6786426789803,217,498,498
"2017-10-06",8,2018,509,"abundance","Ensemble","All","OL",1.82025431155434,0,7.00000000007005,217,498,498
"2017-10-06",8,2018,509,"abundance","Ensemble","All","OT",11.3121465518025,0,40,217,498,498
"2017-10-06",8,2018,509,"abundance","Ensemble","All","PB",6.39860620915303,0,25,217,498,498
"2017-10-06",8,2018,509,"abundance","Ensemble","All","PE",5.08546436485024,0,18.9999999999964,217,498,498
"2017-10-06",8,2018,509,"abundance","Ensemble","All","PF",3.47599879594115,0,11,217,498,498
"2017-10-06",8,2018,509,"abundance","Ensemble","All","PH",0.108450283292681,0,0.939789136555446,217,498,498
"2017-10-06",8,2018,509,"abundance","Ensemble","All","PL",0.664672933549892,0.329345867099781,1,217,498,498
"2017-10-06",8,2018,509,"abundance","Ensemble","All","PM",1.10281238307717,0,3,217,498,498
"2017-10-06",8,2018,509,"abundance","Ensemble","All","PP",97.1773635024454,0,211,217,498,498
"2017-10-06",8,2018,509,"abundance","Ensemble","All","RF",0.0164997329199436,0,0.0329994658398873,217,498,498
"2017-10-06",8,2018,509,"abundance","Ensemble","All","RM",3.9795198549505,0,14,217,498,498
"2017-10-06",8,2018,509,"abundance","Ensemble","All","RO",0.334853458753469,0,1.05986180484528,217,498,498
"2017-10-06",8,2018,509,"abundance","Ensemble","All","SF",0.446900574635507,0,1,217,498,498
"2017-10-06",8,2018,509,"abundance","Ensemble","All","SH",0.964580107922411,0.929160215844821,1,217,498,498
"2017-10-06",8,2018,509,"abundance","Ensemble","All","SO",2.83621943683523e-13,0,5.67243887367046e-13,217,498,498
"2017-10-06",8,2018,509,"abundance","Ensemble","All","total",173.663068417983,0,460.789931094838,217,498,498
"2017-10-06",9,2018,510,"abundance","Ensemble","All","BA",0.571264283462311,0.142528566924621,1,217,498,498
"2017-10-06",9,2018,510,"abundance","Ensemble","All","DM",35.961152980797,5.922312599942,65.999993361652,217,498,498
"2017-10-06",9,2018,510,"abundance","Ensemble","All","DO",11.9087661176204,0,30.9999999999826,217,498,498
"2017-10-06",9,2018,510,"abundance","Ensemble","All","DS",0.285887091062774,0,2,217,498,498
"2017-10-06",9,2018,510,"abundance","Ensemble","All","NA",4.71471732026135,0,12.5597421588312,217,498,498
"2017-10-06",9,2018,510,"abundance","Ensemble","All","OL",1.73858019795018,0,6.00000000010487,217,498,498
"2017-10-06",9,2018,510,"abundance","Ensemble","All","OT",11.2534257908986,0,39,217,498,498
"2017-10-06",9,2018,510,"abundance","Ensemble","All","PB",6.55563003208211,0,24,217,498,498
"2017-10-06",9,2018,510,"abundance","Ensemble","All","PE",4.96431401474849,0,17.9999999999967,217,498,498
"2017-10-06",9,2018,510,"abundance","Ensemble","All","PF",3.61113901323361,0,10,217,498,498
"2017-10-06",9,2018,510,"abundance","Ensemble","All","PH",0.114091807836517,0,0.939528586346577,217,498,498
"2017-10-06",9,2018,510,"abundance","Ensemble","All","PL",0.619718700440487,0.239437400880973,1,217,498,498
"2017-10-06",9,2018,510,"abundance","Ensemble","All","PM",1.14245709236186,0,3,217,498,498
"2017-10-06",9,2018,510,"abundance","Ensemble","All","PP",92.0589867035109,12.1179734070218,172,217,498,498
"2017-10-06",9,2018,510,"abundance","Ensemble","All","RF",0.0188330451462897,0,0.0376660902925793,217,498,498
"2017-10-06",9,2018,510,"abundance","Ensemble","All","RM",4.09458710629981,0,12,217,498,498
"2017-10-06",9,2018,510,"abundance","Ensemble","All","RO",0.333680570720478,0,1.0590009820702,217,498,498
"2017-10-06",9,2018,510,"abundance","Ensemble","All","SF",0.468393129598016,0,1,217,498,498
"2017-10-06",9,2018,510,"abundance","Ensemble","All","SH",0.972699007297244,0,2,217,498,498
"2017-10-06",9,2018,510,"abundance","Ensemble","All","SO",7.99375654774415e-14,0,1.59875130954883e-13,217,498,498
"2017-10-06",9,2018,510,"abundance","Ensemble","All","total",170.221816209792,0,454.801438202771,217,498,498
