"mintemp","maxtemp","meantemp","precipitation","newmoonnumber","ndvi","source"
6.1,43.9,28.7758620689655,77.724,50,0.2875,"hist"
11.1,39.4,24.0793103448276,71.12,51,0.372,"hist"
8.3,40.6,24.0066666666667,23.114,52,0.4565,"hist"
8.3,37.8,19.3655172413793,53.848,53,0.383,"hist"
-3.9,34.4,14.63,29.972,54,0.3245,"hist"
-2,33.9,7.94333333333333,1.016,55,0.2555,"hist"
-4.5,22,4.90333333333333,33.528,56,0.258,"hist"
-6.5,19,4.26551724137931,25.146,57,0.1975,"hist"
-6,24,6.92333333333333,6.858,58,0.2295,"hist"
-4,25,11.59,25.908,59,0.3245,"hist"
-1.7,27.5,17.0068965517241,4.572,60,0.4235,"hist"
5,32,20.7965517241379,9.652,61,0.362,"hist"
8.5,35.5,27.4233333333333,1.016,62,0.3125,"hist"
8.9,37.5,27.1896551724138,25.4,63,0.2745,"hist"
15,35,23.9689655172414,41.148,64,0.3485,"hist"
10,36,22.39,96.52,65,0.3325,"hist"
2,34,17.448275862069,13.716,66,0.344,"hist"
-2.5,29,11.4733333333333,21.336,67,0.2325,"hist"
-4,113,4.33666666666667,128.734,68,0.186,"hist"
-15,18,0.424137931034483,57.664,69,0.1795,"hist"
-7,17.5,5.13333333333333,30.24,70,0.1935,"hist"
-6.7,21.5,10.0896551724138,12.954,71,0.241,"hist"
-4,24,9.06,30.226,72,0.323,"hist"
-3.5,28,18.8827586206897,0,73,0.319,"hist"
4,33,23.3310344827586,0.254,74,0.289,"hist"
10.5,37,27.8133333333333,30.988,75,0.2945,"hist"
14,34.5,24.9965517241379,61.214,76,0.3115,"hist"
15.6,36,23.4586206896552,5.08,77,0.271,"hist"
12.5,34.5,19.1689655172414,193.13,78,0.3215,"hist"
8,28.5,13.3586206896552,41.148,79,0.341,"hist"
-5.6,23,6.79666666666667,49.276,80,0.2865,"hist"
-5,21,4.96206896551724,8.636,81,0.266,"hist"
-4.5,18,4.43666666666667,21.128,82,0.3165,"hist"
-4.5,21,7.88333333333333,0,83,0.362,"hist"
-6,24,13.6333333333333,0,84,0.3805,"hist"
1,28,17.3758620689655,3.556,85,0.36275,"hist"
1.1,35.5,25.83,2.54,86,0.345,"hist"
8.9,34,24.4793103448276,21.336,87,0.275,"hist"
11.7,35,23.7566666666667,39.624,88,0.2665,"hist"
11.1,32.5,22.6655172413793,78.74,89,0.331,"hist"
10.6,32,21.2275862068966,21.082,90,0.347,"hist"
0,26.5,13.48,56.134,91,0.343,"hist"
-1,26,7.88965517241379,2.032,92,0.316,"hist"
-8.3,18,3.46333333333333,72.39,93,0.214,"hist"
-5.5,17,2.30689655172414,30.734,94,0.2185,"hist"
-6,23,4.19,28.962,95,0.225,"hist"
-1.5,25,10.1433333333333,31.496,96,0.2625,"hist"
-1,28.5,16.4172413793103,1.27,97,0.315,"hist"
2,30,18.9,26.162,98,0.3005,"hist"
8.5,37,26.0827586206897,0,99,0.283,"hist"
14,36,27.851724137931,46.228,100,0.25,"hist"
8.3,32.5,23.4133333333333,163.068,101,0.2725,"hist"
12.5,33,22.8678571428571,20.828,102,0.3065,"hist"
6,30,15.9655172413793,99.568,103,0.3655,"hist"
1.1,26.5,10.9133333333333,63.246,104,0.3445,"hist"
-4.4,19,5.36896551724138,10.922,105,0.2625,"hist"
-11.7,22.8,1.97666666666667,9.144,106,0.238,"hist"
-4.7,28.6,5.73448275862069,23.876,107,0.266,"hist"
-3.3,25,10.9233333333333,1.27,108,0.2815,"hist"
-5,28,13.5689655172414,33.288,109,0.337,"hist"
0.6,30.5,19.2766666666667,1.524,110,0.349,"hist"
7.5,33,23.1333333333333,10.414,111,0.249,"hist"
14.5,35,25.4379310344828,18.288,112,0.244,"hist"
13.5,36.5,24.5733333333333,57.404,113,0.2915,"hist"
14,34.5,22.1333333333333,67.056,114,0.319,"hist"
5.6,31.5,19.148275862069,36.576,115,0.3645,"hist"
-0.6,28.5,11.9965517241379,62.484,116,0.2625,"hist"
-7.2,18.5,6.15,6.096,117,0.2115,"hist"
-3,18,2.32413793103448,11.176,118,0.19225,"hist"
-16.7,20,2.36333333333333,0.508,119,0.173,"hist"
-5,21.1,5.81034482758621,25.676,120,0.1985,"hist"
-1.7,23.9,9.85666666666667,3.556,121,0.271,"hist"
1.1,29.4,16.0172413793103,17.78,122,0.275,"hist"
7.2,28.9,18.2366666666667,9.652,123,0.3005,"hist"
8.9,34.4,24.9379310344828,7.112,124,0.281,"hist"
15,37.8,27.5766666666667,18.288,125,0.2615,"hist"
15.6,34.4,22.33,106.426,126,0.3365,"hist"
6.7,32.8,19.248275862069,45.72,127,0.3335,"hist"
3.9,30.6,16.0433333333333,29.718,128,0.267,"hist"
1.7,30,9.46551724137931,7.62,129,0.2845,"hist"
-2.8,25,3.99,38.354,130,0.228,"hist"
-3.9,18.3,2.7448275862069,30.48,131,0.214,"hist"
-14.4,19.4,4.41333333333333,24.638,132,0.198,"hist"
-8.3,28.9,9.82758620689655,17.78,133,0.277,"hist"
6.7,32.2,15.7241379310345,16.51,134,0.2835,"hist"
6.1,36.7,19.9034482758621,6.35,135,0.2845,"hist"
9.4,36.1,25.73,0.254,136,0.2355,"hist"
10,36.1,25.1586206896552,68.072,137,0.271,"hist"
18.3,35.6,22.72,128.27,138,0.331,"hist"
12.2,36.7,20.7034482758621,64.008,139,0.3355,"hist"
10,30.6,16.3533333333333,38.862,140,0.3675,"hist"
8.9,28.3,11.6533333333333,50.546,141,0.3225,"hist"
0.6,25,3.10689655172414,8.89,142,0.266,"hist"
-5,20,1.74137931034483,42.164,143,0.2485,"hist"
-2.8,19.4,2.70333333333333,8.636,144,0.2105,"hist"
1.1,26.1,8.7551724137931,7.924,145,0.2465,"hist"
-4.4,30,16.2896551724138,14.224,146,0.284,"hist"
6.7,33.9,22.11,0,147,0.276,"hist"
7.8,35.6,24.3241379310345,2.794,148,0.339,"hist"
14.14,41.65,28.3407416003537,0,149,0.359,"hist"
16.68,41.19,26.6381805555556,93.218,150,0.36,"hist"
14.11,35.27,23.9656034482759,24.13,151,0.329,"hist"
10.14,34.58,22.9893055555556,15.494,152,0.298,"hist"
3.814,33,17.9765861111111,28.702,153,0.3805,"hist"
-0.727,26.42,12.4115513888889,0,154,0.3815,"hist"
-8.38,22.53,5.92030028735632,0,155,0.3055,"hist"
-5.596,22.4,5.96981805555556,12.7,156,0.2545,"hist"
-8.65,24.87,7.35873888888889,16.764,157,0.2425,"hist"
-3.912,28.48,13.2235445402299,8.636,158,0.2285,"hist"
0.559,31.55,17.3918376436782,3.556,159,0.336,"hist"
3.877,35.65,20.9731541666667,3.556,160,0.3165,"hist"
9.24,40.64,27.108117816092,7.874,161,0.297,"hist"
17.34,42.64,26.9062931034483,70.866,162,0.2385,"hist"
14.8,35.35,22.6538472222222,83.058,163,0.3595,"hist"
13.39,36.74,24.7725143678161,7.112,164,0.4005,"hist"
3.365,31.31,19.0411194444444,53.086,165,0.365,"hist"
-0.158,28.92,14.0908083333333,30.48,166,0.305,"hist"
-3.977,25.33,9.2617341954023,31.75,167,0.2475,"hist"
-10.16,19.47,5.67940138888889,26.924,168,0.2105,"hist"
-8.11,21.54,7.42204861111111,27.432,169,0.2085,"hist"
-2.467,25.59,10.7348180555556,22.098,170,0.267,"hist"
-4.625,29.03,12.7237270114943,13.208,171,0.3785,"hist"
3.385,31.72,18.5229181034483,0,172,0.3665,"hist"
7.27,34.6,22.3005555555556,12.192,173,0.3485,"hist"
13.81,38.96,26.5267816091954,27.686,174,0.312,"hist"
16.49,35.89,24.8137643678161,55.372,175,0.332,"hist"
14.41,35.43,24.4948194444444,36.068,176,0.336,"hist"
11.07,32.61,21.2087068965517,34.29,177,0.401,"hist"
-6.1,32.23,14.2900696286472,18.7,178,0.2795,"hist"
-13.3,22.8,6.76551724137931,32.6,179,0.1935,"hist"
-2.151,19.91,7.03037916666667,104.394,180,0.201,"hist"
-6.991,16.35,4.89482222222222,26.67,181,0.2465,"hist"
-1.127,22.14,9.4986875,20.574,182,0.3435,"hist"
0.001,24.37,11.8828275862069,34.544,183,0.416,"hist"
3.955,33.42,19.1004875,3.81,184,0.319,"hist"
8.52,31.13,18.8003735632184,66.294,185,0.33825,"hist"
10.58,38.72,25.7697361111111,10.16,186,0.3575,"hist"
15.32,40.11,26.2771982758621,52.07,187,0.31,"hist"
14.22,37.32,24.6574425287356,54.864,188,0.346,"hist"
3.9,33.69,24.2765092592593,42.908,189,0.4225,"hist"
8.1,32.57,20.2094827586207,5.08,190,0.361,"hist"
-3.364,27.91,11.6844597222222,11.938,191,0.2885,"hist"
-5.831,19.71,4.94784913793103,45.466,192,0.1965,"hist"
-3.447,19.76,8.73092777777778,60.706,193,0.183,"hist"
-1.565,20.56,8.03882222222222,17.526,194,0.228,"hist"
-2.189,27.85,11.9288319444444,1.778,195,0.336,"hist"
-0.22,31.12,15.1786465517241,5.334,196,0.386,"hist"
7.89,33.08,21.6803055555556,0.762,197,0.3665,"hist"
8.65,39.71,25.0129597701149,10.414,198,0.3435,"hist"
16.75,40.23,27.2280277777778,16.51,199,0.328,"hist"
16.99,39.11,26.8926724137931,0,200,0.248,"hist"
12.68,36.1,23.2730603448276,47.498,201,0.3405,"hist"
9.96,35.02,22.0568055555556,2.032,202,0.34,"hist"
-1.485,27.25,13.327617816092,8.636,203,0.285,"hist"
-5.917,23.79,9.11854305555556,26.924,204,0.263,"hist"
-5.18,23.25,6.88422988505747,10.922,205,0.225,"hist"
-7.03,21.86,7.38835833333333,17.018,206,0.2115,"hist"
-2.215,23.85,11.2886097222222,3.048,207,0.2505,"hist"
-1.891,27.59,14.9931451149425,12.192,208,0.3175,"hist"
1.902,32.1,19.1400375,3.556,209,0.276,"hist"
8.48,37.78,24.5587638888889,3.048,210,0.2805,"hist"
17.91,43.87,30.0727873563218,3.556,211,0.283,"hist"
17.12,39.55,28.4607361111111,18.796,212,0.2565,"hist"
17.15,38.04,26.1839798850575,47.244,213,0.2955,"hist"
13.14,34.95,23.9333764367816,11.684,214,0.322,"hist"
2.634,30.24,17.3371333333333,13.208,215,0.333,"hist"
-6.061,26.64,9.73362068965517,63.754,216,0.2445,"hist"
-2.096,20.19,7.52309861111111,77.47,217,0.24,"hist"
-5.131,21.81,6.92859626436782,21.082,218,0.303625,"hist"
-0.725,22.9,11.3269277777778,21.336,219,0.36725,"hist"
-3.887,25.66,12.5276752873563,16.002,220,0.388375,"hist"
-1.755,29.78,15.3380125,1.524,221,0.4095,"hist"
2.985,33.37,20.4020097222222,2.54,222,0.3465,"hist"
9.28,37.92,25.8065373563218,0,223,0.289,"hist"
14.4,42.32,27.441875,39.116,224,0.3135,"hist"
17.61,41.11,27.9051436781609,27.94,225,0.2405,"hist"
10.76,38.18,24.3610277777778,60.96,226,0.3665,"hist"
5.144,31.47,20.4440517241379,12.7,227,0.3915,"hist"
4.798,29.68,15.0525777777778,7.62,228,0.408,"hist"
-4.261,25.02,10.6706063218391,4.064,229,0.274,"hist"
-6.39,40.99,7.85187224400871,0.508,230,0.2215,"hist"
-5.048,25.58,11.2732471264368,6.35,231,0.193,"hist"
-3.105,25.8,12.1724277777778,1.778,232,0.2735,"hist"
0.228,31.15,15.7045502873563,4.318,233,0.3445,"hist"
5.274,38.88,23.8743041666667,0,234,0.334,"hist"
8.75,38.7,26.3704454022988,26.162,235,0.2535,"hist"
15.19,40.1,26.8715,67.31,236,0.2905,"hist"
17.27,38.31,26.3999444444444,52.324,237,0.3375,"hist"
14.57,38.83,24.1762931034483,21.844,238,0.3365,"hist"
11.12,34.06,21.7910694444444,34.798,239,0.3335,"hist"
-1.422,29.1,13.5512658045977,43.942,240,0.2815,"hist"
-3.633,26.11,11.1145180555556,6.858,241,0.283,"hist"
-9.83,21.41,6.91655172413793,11.938,242,0.258,"hist"
-4.381,20.91,7.5957625,13.97,243,0.2515,"hist"
-1.273,25.14,9.34639942528736,40.64,244,0.2945,"hist"
-2.423,28.97,14.8487152777778,3.048,245,0.3145,"hist"
2.139,35.05,18.9308390804598,2.794,246,0.268,"hist"
11.78,38.15,23.5794305555556,32.004,247,0.2695,"hist"
12.03,41.09,27.4351005747126,2.286,248,0.275,"hist"
16.22,38.77,26.4266666666667,40.64,249,0.3285,"hist"
16.71,36.9,25.5058189655172,34.29,250,0.3135,"hist"
13.6,36.64,24.6428611111111,27.432,251,0.3455,"hist"
0.197,32.99,16.5841652777778,8.89,252,0.30625,"hist"
-1.007,26.94,11.9689109195402,16.002,253,0.267,"hist"
-6.621,18.6,4.62975694444444,51.816,254,0.2285,"hist"
-3.555,21.2,7.90447988505747,1.27,255,0.2045,"hist"
-2.394,21.8,7.29696805555556,30.48,256,0.2185,"hist"
-4.167,29.09,11.4488505747126,17.272,257,0.2585,"hist"
-1.842,30.9,13.0964875,12.7,258,0.301,"hist"
-2.2,30.43,22.3670795019157,0,259,0.32,"hist"
2.8,33.3,27.5793103448276,4.3,260,0.28,"hist"
8.3,36.1,26.9896551724138,122.2,261,0.2605,"hist"
9.4,31.1,26.2137931034483,49.5,262,0.286,"hist"
12.2,36.51,26.1762232905983,28.956,263,0.262,"hist"
3.873,35.08,22.0880347222222,0,264,0.306,"hist"
-0.825,26.78,14.0441393678161,32.766,265,0.2775,"hist"
-5.078,24.89,8.92155833333333,20.574,266,0.2555,"hist"
-4.506,22.25,9.07062083333333,0,267,0.2185,"hist"
-6.447,26.77,9.73723132183908,0,268,0.1945,"hist"
-0.471,27.08,13.3529194444444,1.778,269,0.181,"hist"
-5.057,28.61,13.9274468390805,3.556,270,0.2345,"hist"
2.273,32.91,20.17345,0,271,0.2185,"hist"
6.324,34.75,24.2027643678161,0,272,0.22,"hist"
15.94,40,26.6196695402299,47.244,273,0.247,"hist"
16.18,34.43,23.0574027777778,118.11,274,0.375,"hist"
16.35,35.88,25.025632183908,49.784,275,0.3595,"hist"
8.55,34.02,22.4519166666667,22.098,276,0.401,"hist"
-0.111,31.26,16.9727413793103,0.254,277,0.3,"hist"
-5.276,28.11,12.6239666666667,0,278,0.269,"hist"
-6.688,19,5.88267222222222,4.826,279,0.2515,"hist"
-4.997,25.79,10.3619375,0,280,0.2505,"hist"
-1.998,25.92,12.6094353448276,1.016,281,0.2455,"hist"
-2.11,28.42,13.3195236111111,4.826,282,0.2345,"hist"
3.298,35.33,21.0929612068966,0,283,0.276,"hist"
9.58,39.88,25.9895138888889,0,284,0.2725,"hist"
15.35,38.92,25.7440804597701,41.402,285,0.3185,"hist"
17.44,39.23,27.5517528735632,21.336,286,0.314,"hist"
16.75,38.93,26.24,34.544,287,0.3095,"hist"
12.33,38.24,25.0756034482759,8.636,288,0.3395,"hist"
3.802,35.55,17.8582347222222,126.746,289,0.304,"hist"
-2.392,20.4,8.06821695402299,30.226,290,0.3645,"hist"
-4.821,21.41,8.67838888888889,6.858,291,0.31,"hist"
-5.807,19.86,5.29784583333333,21.844,292,0.2655,"hist"
-5.015,23.59,8.02686805555556,10.922,293,0.283,"hist"
-1.712,28.18,10.7736063218391,3.048,294,0.3415,"hist"
-1.641,31.38,16.4949166666667,13.208,295,0.3525,"hist"
7.35,34.44,22.0801724137931,9.652,296,0.347,"hist"
12.93,38.91,27.7643333333333,0,297,0.3055,"hist"
16.32,39.28,25.9574856321839,60.452,298,0.26,"hist"
16.55,36.55,25.1411781609195,56.388,299,0.359,"hist"
14.84,37.84,25.7126944444444,16.002,300,0.364,"hist"
4.879,35.15,20.950908045977,6.35,301,0.337,"hist"
4.713,32.05,18.9632600574713,4.572,302,0.241,"hist"
-6.545,23.93,8.13284305555556,2.794,303,0.305,"hist"
-4.361,22.37,7.23405138888889,3.302,304,0.295,"hist"
-8.9,21.98,7.55744444444444,23.876,305,0.249,"hist"
-13.3,23.9,15.1931034482759,4.9,306,0.2775,"hist"
-6.7,26.7,19.07,0,307,0.21,"hist"
-4.4,28.9,23.7379310344828,0,308,0.3005,"hist"
1.7,35.6,27.6689655172414,0,309,0.2375,"hist"
9.4,36.7,31.8833333333333,2.3,310,0.197,"hist"
10.6,34.4,24.8068965517241,86.4,311,0.3415,"hist"
8.3,32.8,27.1827586206897,81.1,312,0.3035,"hist"
-2.2,28.9,22.4344827586207,24,313,0.247,"hist"
-3.3,26.1,15.8793103448276,11,314,0.229,"hist"
-6.7,22.8,10.2533333333333,23.8,315,0.213,"hist"
-11.1,18.9,4.21822212643678,23.3,316,0.194,"hist"
-1.92,26.14,10.6113194444444,0.9,317,0.1925,"hist"
-4.71,22.88,9.04204022988506,17.1,318,0.2155,"hist"
-1.92,28.68,13.2760694444444,3.6,319,0.223,"hist"
-0.2,29.76,17.0315694444444,0,320,0.2985,"hist"
6.65,37.36,23.5898850574713,0,321,0.28175,"hist"
15.02,37.92,26.9256666666667,7.5,322,0.265,"hist"
16.98,41.44,29.4389224137931,20.8,323,0.2005,"hist"
17.38,39.65,27.0685138888889,23.8,324,0.1865,"hist"
13.84,34.57,25.3903448275862,6.1,325,0.223,"hist"
11.83,35.5,22.5589722222222,9.5,326,0.147,"hist"
-2.12,28.66,13.5612643678161,19.2,327,0.211,"hist"
-5.06,23.47,7.99801388888889,4.1,328,0.2155,"hist"
-9.71,18.52,6.99192528735632,37.8,329,0.225,"hist"
-5.924,25.3,7.2006125,8.7,330,0.2545,"hist"
-0.22,29.13,11.5910129310345,43.5,331,0.2975,"hist"
1.931,28.41,15.732794384058,23.9,332,0.2685,"hist"
6.568,34.47,21.3195502873563,0.9,333,0.3,"hist"
11.59,38.42,25.98425,1.4,334,0.302,"hist"
14.37,37.12,26.7649444444444,20.3,335,0.2865,"hist"
16.52,38.16,25.3841666666667,91,336,0.316,"hist"
12.49,35.46,23.4804444444444,60.5,337,0.3275,"hist"
9.21,35.36,20.1534195402299,25.2,338,0.2655,"hist"
0.845,29.72,14.18415,16.1,339,0.259,"hist"
-7.08,19.95,7.31027011494253,37.8,340,0.2525,"hist"
-7.55,21.81,7.08751111111111,34,341,0.252,"hist"
-3.633,20.83,7.57987212643678,39.5,342,0.2645,"hist"
1.203,24.52,10.3916944444444,29.1,343,0.4065,"hist"
-3.201,28.05,13.2913060344828,0.5,344,0.3415,"hist"
3.199,29.53,18.0230180555556,4.8,345,0.31,"hist"
7.23,39.5,24.4200718390805,3.1,346,0.3095,"hist"
13.21,39.91,28.7982083333333,0,347,0.296,"hist"
17.38,40.61,27.9472557471264,31.6,348,0.2955,"hist"
15.36,37.52,24.6816388888889,45.9,349,0.317,"hist"
11.74,35.74,24.354125,31.3,350,0.251,"hist"
4.987,33.82,17.3408362068966,22.1,351,0.254,"hist"
-8.45,28.91,13.0243361111111,0,352,0.2455,"hist"
-5.618,24.89,8.77216666666667,3.9,353,0.2405,"hist"
-5.786,22.63,8.66066944444444,2.9,354,0.2355,"hist"
-3.835,24.57,11.0308204022989,2.8,355,0.234,"hist"
-4.632,26.09,12.891425,6.3,356,0.2245,"hist"
1.662,31.81,19.1419626436782,1.1,357,0.226,"hist"
5.212,35.63,23.6112715517241,0,358,0.288,"hist"
13.35,39.11,27.94175,12.2,359,0.2905,"hist"
16.62,39.25,27.6588649425287,59.7,360,0.3015,"hist"
16.09,36.98,22.8279722222222,152,361,0.3895,"hist"
9.35,32.91,20.6254444444444,86.9,362,0.416,"hist"
2.242,32.42,18.4836925287356,58.4,363,0.3795,"hist"
1.376,28.92,13.9423180555556,4.5,364,0.295,"hist"
-9.84,24.69,7.98079305555556,2.2,365,0.264,"hist"
-10.03,20.52,4.93239655172414,9.8,366,0.238,"hist"
-8.38,23.53,6.80468611111111,30,367,0.24,"hist"
-7.88,30.07,12.4973405172414,0.7,368,0.253,"hist"
-0.216,30.1,15.6118194444444,21.4,369,0.286,"hist"
2.299,33.8,20.0746522988506,25.1,370,0.346,"hist"
10.74,35.9,24.2580316091954,9.5,371,0.3215,"hist"
17.69,41.27,28.8890972222222,12.2,372,0.3115,"hist"
15.8,39.1,24.5175,34,373,0.387,"hist"
14.49,35.82,24.8217222222222,5.6,374,0.362,"hist"
6.078,34.64,22.3961925287356,1.8,375,0.3395,"hist"
1.177,32.58,17.5941666666667,0,376,0.279,"hist"
-2.574,27.34,12.0387138888889,26,377,0.2595,"hist"
-7.44,20.59,5.09057083333333,13.8,378,0.2465,"hist"
-6.717,19.3,6.33673132183908,8.5,379,0.2435,"hist"
-3.933,26.94,10.9124541666667,3.4,380,0.278,"hist"
-3.4,28.15,14.8502543103448,0,381,0.308,"hist"
2.075,31.35,18.2427597222222,0,382,0.326,"hist"
4.455,37.55,22.1220014367816,4.7,383,0.3165,"hist"
12.13,39.23,28.3487068965517,0.3,384,0.328,"hist"
17.58,36.49,24.7530138888889,104.4,385,0.3545,"hist"
15.68,35.48,23.9715086206897,67.5,386,0.37175,"hist"
10.45,34.24,21.9150833333333,14.4,387,0.389,"hist"
0.645,32,18.4878577586207,2,388,0.2845,"hist"
-0.845,29.84,13.1177138888889,11,389,0.2565,"hist"
-8.87,23.05,8.70827916666667,11.3,390,0.243,"hist"
-6.905,22.22,8.79000555555556,11.6,391,0.231,"hist"
-5.319,28.85,9.69236063218391,3.8,392,0.227,"hist"
0.512,28.25,14.8713055555556,14,393,0.2225,"hist"
-0.845,31.35,15.8422974137931,0.4,394,0.2055,"hist"
6.867,36.46,23.1141486111111,16.8,395,0.2705,"hist"
12.63,37.42,24.5223563218391,1.2,396,0.2655,"hist"
17.7,40.04,27.2678591954023,36.1,397,0.3095,"hist"
17.95,39.51,27.958625,17.4,398,0.275,"hist"
9.4,35.36,26.1747288676236,93.35,399,0.291,"hist"
-1.1,27.99,20.7151470588235,8.15,400,0.275,"hist"
-1.814,30.21,15.0882638888889,12.8,401,0.2335,"hist"
-4.214,22.22,8.08335694444444,24,402,0.22,"hist"
-5.341,18.59,5.74156111111111,14.6,403,0.2015,"hist"
-2.956,18.07,6.82303879310345,80.9,404,0.2205,"hist"
-1.458,22.34,9.17005694444445,11.9,405,0.2585,"hist"
0.406,28.32,14.3631083333333,2.2,406,0.3505,"hist"
1.497,33.22,17.7017528735632,10.6,407,0.368,"hist"
6.273,40.56,25.0151361111111,0,408,0.321,"hist"
13.28,38.32,27.3915804597701,10.2,409,0.3125,"hist"
17.75,40.33,25.839066091954,27.3,410,0.374,"hist"
15.9,39.02,25.5218472222222,39.1,411,0.352,"hist"
12.53,36.61,23.9773994252874,11.4,412,0.2885,"hist"
5.675,30.3,17.3611393678161,14.8,413,0.289,"hist"
-7.69,26.83,10.1351013888889,1.1,414,0.231,"hist"
-9.92,24.02,8.39521944444444,7.5,415,0.2365,"hist"
-13.38,23.07,6.98895689655172,2.6,416,0.2255,"hist"
-16.59,25.31,8.94409027777778,1.5,417,0.2275,"hist"
-0.459,32.82,16.8791125,0.4,418,0.2245,"hist"
2.061,32.26,18.9170387931034,0.3,419,0.2935,"hist"
4.842,36.21,22.0674319444444,0,420,0.2785,"hist"
13.74,41.33,28.8372777777778,0.6,421,0.2435,"hist"
18.14,38.34,26.755775862069,86.3,422,0.3055,"hist"
16.7,40.08,26.4203304597701,29.8,423,0.3675,"hist"
13.12,38.72,24.688625,41.3,424,0.3695,"hist"
1.804,34.51,19.7785517241379,4.9,425,0.278,"hist"
-2.745,29.26,11.6880689655172,7.7,426,0.2265,"hist"
-6.834,21.1,5.37657222222222,69.5,427,0.205,"hist"
-5.462,22.77,8.01167638888889,2.9,428,0.227,"hist"
-4.042,21.72,8.83186206896552,14.3,429,0.2705,"hist"
-6.2,26.61,11.2393805555556,5.7,430,0.339,"hist"
1.497,32.71,17.6262833333333,0.7,431,0.3085,"hist"
8.25,34.9,22.6111063218391,4.3,432,0.3205,"hist"
7.95,38.35,27.2261527777778,0.3,433,0.3075,"hist"
17.29,40.23,27.9275431034483,26.6,434,0.2645,"hist"
16.93,38.95,26.7946666666667,15.3,435,0.282,"hist"
8.79,37.45,23.7013074712644,14.7,436,0.304,"hist"
5.442,34.7,22.2060819444444,4.3,437,0.242,"hist"
-2.146,31.09,17.0818362068966,0.2,438,0.219,"hist"
-3.177,25.51,12.6074819444444,2.9,439,0.208,"hist"
-7.43,16.71,4.7199367816092,12.5,440,0.216,"hist"
-11.14,22.11,7.30429027777778,9,441,0.21,"hist"
-8.26,27.7,8.29278879310345,11.4,442,0.197,"hist"
2.659,30.36,17.0721583333333,1.4,443,0.2025,"hist"
2.829,31.81,19.3743836206897,0,444,0.279,"hist"
9.15,38.12,25.0641666666667,0.8,445,0.264,"hist"
16.83,40,29.0011111111111,11.8,446,0.2535,"hist"
16.26,35.96,24.591867816092,65.7,447,0.3565,"hist"
15.8,37.12,25.4782638888889,46.8,448,0.419,"hist"
10.08,32.66,21.705933908046,65.3,449,0.387,"hist"
2.13,30.45,16.7892125,0.8,450,0.2935,"hist"
-1.25,26.12,11.2001896551724,21.2,451,0.2615,"hist"
-4.763,22.54,6.57590416666667,15,452,0.25040063637995,"hist"
-4.436,24.46,8.89068103448276,0,453,0.251349976358013,"hist"
-3.343,29.11,12.8990638888889,1.4,454,0.258887302141677,"hist"
1.631,27.56,14.3885373563218,9.3,455,0.270707372734607,"hist"
2.981,31.54,18.0964367816092,5.8,456,0.286628237962727,"hist"
6.041,36.44,21.2732430555556,0.1,457,0.304177102710532,"hist"
16.93,40.03,29.1495555555556,6.6,458,0.318819288454191,"hist"
17.42,39.57,26.7969396551724,56.3,459,0.325729744195561,"hist"
15.39,36.18,23.4991944444444,95.5218133333333,460,0.323650084315607,"hist"
14.22,35.71,22.9463793103448,111.113146666667,461,0.312679101545951,"hist"
7.94,31.14,19.39325,36.1154133333333,462,0.295383267102938,"hist"
-3.404,31.24,13.6591416666667,7.86384,463,0.276152276038527,"hist"
-2.802,24.62,9.79181896551724,13.3976533333333,464,0.260801110848644,"hist"
-7.72,24.17,5.57804722222222,12.5238933333333,465,0.251911283078433,"hist"
-7.12,25.58,10.7776637931034,33.7853866666667,466,0.252530873072067,"hist"
-3.403,25.65,12.3228097222222,23.59152,467,0.262184515646095,"hist"
0.446,29.58,17.4044612068966,0,468,0.278174390146254,"hist"
3.827,31.96,17.9796637931034,5.82506666666667,469,0.29647015705937,"hist"
6.632,36.64,24.4465305555556,4.22317333333334,470,0.313359914992105,"hist"
17.06,41.13,27.1261637931034,55.3381333333334,471,0.323335285211238,"hist"
16.29,38.25,25.2416944444444,75.58024,472,0.324724656683464,"hist"
15.72,39.43,24.5236350574713,46.8917866666666,473,0.316841032650241,"hist"
9.16,35.83,22.0989305555556,30.14472,474,0.301446725316005,"hist"
1.473,33.2,15.8614164492754,18.34896,475,0.282435934348269,"hist"
-8.3,25.6,12.7107510297365,30.6682133333333,476,0.264979716383955,"hist"
-5.669,18.06,5.17224878087272,30.0846666666667,477,0.25367237734027,"hist"
-7.42,22.7,6.71500892857143,6.84445333333334,478,0.250876144668339,"hist"
0.047,28.81,14.8750747126437,0,479,0.257231918078175,"hist"
0.205,28.95,15.5014777777778,0,480,0.271702364192467,"hist"
3.885,32.49,18.2091968390805,3.64066666666667,481,0.289653260022162,"hist"
7.99,38.41,22.7370833333333,2.1844,482,0.307260736005249,"hist"
15.97,41.66,27.3998611111111,35.0960266666667,483,0.32040514579241,"hist"
17.53,38.75,27.1393103448276,104.996826666667,484,0.325184851654021,"hist"
13.86,36.02,24.1674583333333,39.6104533333333,485,0.320532094251223,"hist"
10.25,36.26,22.0348994252874,68.4445333333333,486,0.308016279623312,"hist"
6.873,31.9,20.5846986111111,4.95130666666666,487,0.289904218616483,"hist"
-0.424,27.98,13.2572777777778,5.67266666666667,488,0.271324648832764,"hist"
-3.63,24.43,8.32403591954023,26.924,489,0.257338647737836,"hist"
-4.598,23.75,7.55748888888889,44.196,490,0.250745533897415,"hist"
-5.151,28.17,10.5668402777778,19.05,491,0.253772914207251,"hist"
-0.283,30.23,16.7191451149425,0.762,492,0.265226460135771,"hist"
2.699,32.2,18.9714527777778,0.508,493,0.282786374637867,"hist"
4.446,36.12,21.2836379310345,0.145626666666667,494,0.301115064140052,"hist"
13,41.88,28.0530972222222,0,495,0.316571771531689,"hist"
17.21,39.83,27.287025862069,53.9360533333333,496,0.324461540750428,"hist"
15.58,35.64,24.6419827586207,75.182,497,0.323370821967368,"hist"
14.98,35.9,24.88775,12.446,498,0.313179935859058,"hist"
8.17,33.86,21.6153591954023,4.572,499,0.296964832232373,"hist"
3.432,31.56,17.2683222222222,3.302,500,0.277937819753924,"hist"
-7.877,28.91,10.6596722222222,15.494,501,0.26145755163108,"hist"
-5.219,23.47,9.37766805555555,1.016,502,0.251890275101916,"hist"
-5.909,24.54,10.5719813218391,8.128,503,0.251514317245892,"hist"
-3.488,24.97,11.1408994252874,11.938,504,0.260033703378811,"hist"
-0.625,33.09,17.5854833333333,1.016,505,0.275915755171449,"hist"
4.912,36.26,22.2140344827586,0.508,506,0.294302505021717,"hist"
10.55,39.74,26.6023194444444,1.778,507,0.311581705422434,"hist"
13.38,41,27.7197844827586,38.1,508,0.322458321554619,"hist"
15.87,41.51,27.9241111111111,14.986,509,0.324777672292819,"hist"
14.95,36.42,24.9176436781609,41.908,510,0.317868968825002,"hist"
5.921,36.51,23.7157969202899,29.714,511,0.30302237292568,"hist"
3.865,27.56,14.6316648850575,53.594,512,0.284874287514355,"hist"
-6.136,24.84,9.32144088164251,41.148,513,0.266893059999104,"hist"
-10.78,22.709,6.466,22.352,514,0.255,"fcast"
-8.668,21.806,7.159,32.428,515,0.251,"fcast"
-7.215,26.405,9.489,23.694,516,0.256,"fcast"
-2.844,29.763,13.155,0,517,0.269,"fcast"
2.36,34.829,16.989,10.577,518,0.288,"fcast"
1.914,35.819,21.015,3.832,519,0.306,"fcast"
