"newmoonnumber","date","mintemp","maxtemp","meantemp","precipitation","warm_precip","ndvi","warm_precip_3_month","ndvi_12_month","spectab_controls","source"
32,1980-01-17,-0.111764705882353,14.9470588235294,5.38235294117647,3.81,3.81,NA,NA,NA,4,"historic"
33,1980-02-16,1.95,13.3833333333333,5.16666666666667,38.862,8.382,NA,NA,NA,2,"historic"
34,1980-03-16,4.79310344827586,19.7586206896552,10.651724137931,7.874,5.08,NA,17.272,NA,7,"historic"
35,1980-04-14,4.32758620689655,20.3448275862069,11.6896551724138,0,0,NA,13.462,NA,7,"historic"
36,1980-05-14,10.5333333333333,26.4333333333333,18.67,1.016,1.016,NA,6.096,NA,10,"historic"
37,1980-06-12,13.6206896551724,32.6551724137931,25.6344827586207,8.382,8.382,NA,9.398,NA,11,"historic"
38,1980-07-11,20.948275862069,37.7241379310345,28.3551724137931,13.462,13.462,NA,22.86,NA,10,"historic"
39,1980-08-10,20.5166666666667,35.3333333333333,25.71,75.438,32.512,NA,54.356,NA,8,"historic"
40,1980-09-09,18,30.8666666666667,22.02,47.498,38.862,NA,84.836,NA,8,"historic"
41,1980-10-08,15.9310344827586,30.948275862069,18.7551724137931,39.624,39.624,NA,110.998,NA,6,"historic"
42,1980-11-07,7.63333333333333,22.3,9.83333333333333,1.778,0.508,NA,78.994,NA,5,"historic"
43,1980-12-07,2.92666666666667,17.0466666666667,4.43333333333333,14.478,0,NA,40.132,NA,4,"historic"
44,1981-01-06,2.48333333333333,17.4166666666667,3.62666666666667,2.286,0,NA,0.508,NA,4,"historic"
45,1981-02-04,0.686206896551724,12.8241379310345,3.92413793103448,30.226,12.192,NA,12.192,NA,4,"historic"
46,1981-03-06,4.01,18.26,8.71666666666667,35.814,10.668,NA,22.86,NA,6,"historic"
47,1981-04-04,5.3551724137931,19.4310344827586,10.9551724137931,16.51,6.604,NA,29.464,NA,6,"historic"
48,1981-05-03,10.8275862068966,27.1034482758621,19.4310344827586,2.794,2.794,NA,20.066,NA,7,"historic"
49,1981-06-02,9.98333333333333,28.5066666666667,22.8724137931034,3.048,3.048,NA,12.446,NA,10,"historic"
50,1981-07-01,13.2172413793103,35.7103448275862,28.7758620689655,77.724,77.724,NA,83.566,NA,5,"historic"
51,1981-07-30,14,32.8965517241379,24.0793103448276,71.12,71.12,NA,151.892,NA,4,"historic"
52,1981-08-29,13.74,33.09,24.0066666666667,23.114,12.954,NA,161.798,NA,3,"historic"
53,1981-09-27,12.5689655172414,31.8310344827586,19.3655172413793,53.848,51.308,NA,135.382,NA,3,"historic"
54,1981-10-27,8.12333333333333,27.4466666666667,14.63,29.972,25.146,NA,89.408,NA,4,"historic"
55,1981-11-26,4.65,24.6666666666667,7.94333333333333,1.016,0,NA,76.454,NA,3,"historic"
56,1981-12-26,1.11666666666667,15.6,4.90333333333333,33.528,0.508,NA,25.654,NA,6,"historic"
57,1982-01-24,0.0517241379310345,13.4310344827586,4.26551724137931,25.146,6.096,NA,6.604,NA,2,"historic"
58,1982-02-23,1,15.8666666666667,6.92333333333333,6.858,1.524,NA,8.128,NA,5,"historic"
59,1982-03-25,3.11666666666667,18.3166666666667,11.59,25.908,0,NA,7.62,NA,4,"historic"
60,1982-04-23,5.74827586206897,22.4137931034483,17.0068965517241,4.572,4.572,NA,6.096,NA,5,"historic"
61,1982-05-22,10.4655172413793,26.051724137931,20.7965517241379,9.652,9.652,NA,14.224,NA,4,"historic"
62,1982-06-21,14.4333333333333,32.45,27.4233333333333,1.016,1.016,NA,15.24,NA,8,"historic"
63,1982-07-20,17.6689655172414,33.5586206896552,27.1896551724138,25.4,25.4,NA,36.068,NA,8,"historic"
64,1982-08-18,17.4827586206897,31.448275862069,23.9689655172414,41.148,41.148,NA,67.564,NA,6,"historic"
65,1982-09-17,15.7166666666667,29.6833333333333,22.39,96.52,89.408,NA,155.956,NA,6,"historic"
66,1982-10-16,10.5344827586207,27.051724137931,17.448275862069,13.716,0,NA,130.556,NA,6,"historic"
67,1982-11-15,5.81666666666667,21.6,11.4733333333333,21.336,17.78,NA,107.188,NA,7,"historic"
68,1982-12-15,1.13333333333333,11.0166666666667,4.33666666666667,128.734,0,NA,17.78,NA,8,"historic"
69,1983-01-13,-2.5,10.0758620689655,0.424137931034483,57.664,0,NA,17.78,NA,8,"historic"
70,1983-02-12,-1.1,11.0166666666667,5.13333333333333,30.24,0,NA,0,NA,2,"historic"
71,1983-03-14,1.62333333333333,16.31,10.0896551724138,12.954,11.43,NA,11.43,NA,4,"historic"
72,1983-04-13,0.393333333333333,13.6766666666667,9.06,30.226,0,NA,11.43,NA,8,"historic"
73,1983-05-12,5.81034482758621,23.5344827586207,18.8827586206897,0,0,NA,11.43,NA,4,"historic"
74,1983-06-10,11.6896551724138,29.3206896551724,23.3310344827586,0.254,0.254,NA,0.254,NA,7,"historic"
75,1983-07-10,15.35,32.9166666666667,27.8133333333333,30.988,30.988,NA,31.242,NA,2,"historic"
76,1983-08-08,17.6896551724138,31.7241379310345,24.9965517241379,61.214,61.214,NA,92.456,NA,5,"historic"
77,1983-09-06,18.9172413793103,32.2724137931034,23.4586206896552,5.08,5.08,NA,97.282,NA,7,"historic"
78,1983-10-06,16.1333333333333,27.5,19.1689655172414,193.13,192.83,NA,259.124,NA,6,"historic"
79,1983-11-04,12.051724137931,23.0172413793103,13.3586206896552,41.148,41.148,NA,239.058,NA,8,"historic"
80,1983-12-04,4.33333333333333,17.7033333333333,6.79666666666667,49.276,0,NA,233.978,NA,8,"historic"
81,1984-01-02,1.08965517241379,14.0689655172414,4.96206896551724,8.636,3.556,NA,44.704,NA,6,"historic"
82,1984-02-01,-0.366666666666667,12.5833333333333,4.43666666666667,21.128,0.508,NA,4.064,NA,3,"historic"
83,1984-03-02,0.166666666666667,16.1166666666667,7.88333333333333,0,0,NA,4.064,NA,4,"historic"
84,1984-04-01,4.46666666666667,19.9166666666667,13.6333333333333,0,0,NA,0.508,NA,4,"historic"
85,1984-04-30,6.48275862068965,22.2931034482759,17.3758620689655,3.556,2.794,0.166699187565559,2.794,NA,2,"historic"
86,1984-05-30,13.47,30.2333333333333,25.83,2.54,2.286,0.145935351224863,5.08,NA,1,"historic"
87,1984-06-28,15.651724137931,30.1551724137931,24.4793103448276,21.336,21.336,0.134992344621853,26.416,NA,0,"historic"
88,1984-07-28,16.0233333333333,30.6633333333333,23.7566666666667,39.624,39.624,0.149520854371352,63.246,NA,2,"historic"
89,1984-08-26,14.8413793103448,28.1034482758621,22.6655172413793,78.74,78.74,0.151467462929534,139.7,NA,0,"historic"
90,1984-09-24,15.0551724137931,29.1724137931034,21.2275862068966,21.082,21.082,0.153414071487717,139.446,NA,1,"historic"
91,1984-10-24,6.64333333333333,20.79,13.48,56.134,37.592,0.155360680045899,137.414,NA,1,"historic"
92,1984-11-22,4.68275862068965,19.2,7.88965517241379,2.032,2.032,0.157307288604081,60.706,NA,0,"historic"
93,1984-12-22,0.126666666666667,11.3633333333333,3.46333333333333,72.39,26.924,0.159613191670043,66.548,NA,0,"historic"
94,1985-01-20,-0.0689655172413793,10.2758620689655,2.30689655172414,30.734,25.146,0.153679487852616,54.102,NA,0,"historic"
95,1985-02-19,1.05666666666667,11.57,4.19,28.962,0,0.164461409493557,52.07,NA,0,"historic"
96,1985-03-21,3.93333333333333,15.4333333333333,10.1433333333333,31.496,21.844,0.175243331134498,46.99,1.86769466100157,0,"historic"
97,1985-04-19,7.63793103448276,22.5172413793103,16.4172413793103,1.27,0,0.186025252775439,21.844,1.88702072621145,0,"historic"
98,1985-05-19,9.91666666666667,23.9666666666667,18.9,26.162,0,0.176805916795558,21.844,1.91789129178215,0,"historic"
99,1985-06-18,15.9333333333333,31.4,26.0827586206897,0,0,0.170810395028098,0,1.95370934218839,2,"historic"
100,1985-07-17,18.3620689655172,33.051724137931,27.851724137931,46.228,19.304,0.164814873260639,19.304,1.96900336107768,2,"historic"
101,1985-08-16,16.46,28.0833333333333,23.4133333333333,163.068,123.952,0.158819351493179,143.256,1.97635524964132,2,"historic"
102,1985-09-14,16.5344827586207,29.4655172413793,22.8678571428571,20.828,20.828,0.215515995396877,164.084,2.03845717355049,1,"historic"
103,1985-10-13,12.1896551724138,23.0172413793103,15.9655172413793,99.568,97.028,0.201042493297084,241.808,2.08413898680167,3,"historic"
104,1985-11-12,8.22666666666667,20.0133333333333,10.9133333333333,63.246,62.738,0.199301531781428,180.594,2.12613322997902,4,"historic"
105,1985-12-11,2.56551724137931,14.4862068965517,5.36896551724138,10.922,4.572,0.182047380460923,164.338,2.1485674187699,3,"historic"
106,1986-01-10,-3.17333333333333,15.0266666666667,1.97666666666667,9.144,0,0.16180513967427,67.31,2.15669307059155,3,"historic"
107,1986-02-08,0.4,21.1862068965517,5.73448275862069,23.876,1.524,0.138246901730996,6.096,2.13047856282899,4,"historic"
108,1986-03-10,4.57666666666667,19.8833333333333,10.9233333333333,1.27,0,0.153432516741954,1.524,2.10866774843645,4,"historic"
109,1986-04-08,5.43448275862069,20.0551724137931,13.5689655172414,33.288,0.254,0.140064346474903,1.778,2.06270684213591,4,"historic"
110,1986-05-08,9.52666666666667,25.6966666666667,19.2766666666667,1.524,1.524,0.0890947752220688,1.778,1.97499570056242,3,"historic"
111,1986-06-07,13.4333333333333,28.4,23.1333333333333,10.414,10.414,0.138178178284779,12.192,1.9423634838191,1,"historic"
112,1986-07-06,17.4137931034483,30.7931034482759,25.4379310344828,18.288,18.288,0.138572975420941,30.226,1.9161215859794,1,"historic"
113,1986-08-05,17.65,29.8166666666667,24.5733333333333,57.404,34.29,0.166277809923532,62.992,1.92358004440975,2,"historic"
114,1986-09-04,17.0833333333333,28.65,22.1333333333333,67.056,66.802,0.195499318142123,119.38,1.903563367155,2,"historic"
115,1986-10-03,13.6724137931034,26.8827586206897,19.148275862069,36.576,36.576,0.196964827464341,137.668,1.89948570132226,2,"historic"
116,1986-11-01,7.87931034482759,21.6655172413793,11.9965517241379,62.484,62.484,0.180087440477157,165.862,1.88027161001799,2,"historic"
117,1986-12-01,2.1,14.08,6.15,6.096,6.096,0.127106268028577,105.156,1.82533049758564,2,"historic"
118,1986-12-30,1.81034482758621,9.96551724137931,2.32413793103448,11.176,0,0.150965880128243,68.58,1.81449123803961,2,"historic"
119,1987-01-29,-3.7,11.77,2.36333333333333,0.508,0,0.13800163564353,6.096,1.81424597195215,3,"historic"
120,1987-02-27,1.76896551724138,15.6241379310345,5.81034482758621,25.676,2.794,0.145368338466782,2.794,1.80618179367698,3,"historic"
121,1987-03-29,4.84666666666667,18.2633333333333,9.85666666666667,3.556,0,0.123183388843142,2.794,1.78930083604522,2,"historic"
122,1987-04-27,8.19655172413793,22.1758620689655,16.0172413793103,17.78,15.494,0.186233795543276,18.288,1.88643985636642,3,"historic"
123,1987-05-27,11.54,25.72,18.2366666666667,9.652,9.652,0.181242027152547,25.146,1.92950370523419,2,"historic"
124,1987-06-25,14.7793103448276,30.5793103448276,24.9379310344828,7.112,7.112,0.153756717632076,32.258,1.94468744744533,3,"historic"
125,1987-07-25,19.1933333333333,34.4433333333333,27.5766666666667,18.288,17.78,0.148852194375029,34.544,1.92726183189682,2,"historic"
126,1987-08-24,19.72,31.1633333333333,22.33,106.426,86.614,0.204076970316754,111.506,1.93583948407145,2,"historic"
127,1987-09-22,14.2,27.5379310344828,19.248275862069,45.72,44.45,0.239329060049445,148.844,1.97820371665656,2,"historic"
128,1987-10-22,11.57,25.8033333333333,16.0433333333333,29.718,29.21,0.17258757766942,160.274,1.97070385384882,2,"historic"
129,1987-11-20,9.91034482758621,23.1241379310345,9.46551724137931,7.62,5.334,0.158601710740715,78.994,2.00219929656096,1,"historic"
130,1987-12-20,3.88666666666667,17.0166666666667,3.99,38.354,30.48,0.144615843812009,65.024,1.99584926024472,1,"historic"
131,1988-01-18,3.04827586206897,14.3758620689655,2.7448275862069,30.48,15.24,0.130629976883304,51.054,1.9884776014845,1,"historic"
132,1988-02-17,-1.16333333333333,13.4433333333333,4.41333333333333,24.638,0,0.116644109954599,45.72,1.95975337297231,1,"historic"
133,1988-03-17,5.65862068965517,19.6413793103448,9.82758620689655,17.78,6.096,0.14346314448015,21.336,1.98003312860932,1,"historic"
134,1988-04-16,12.9,27.8733333333333,15.7241379310345,16.51,16.51,0.142674078053188,22.606,1.93647341111923,1,"historic"
135,1988-05-15,13.2827586206897,27.3620689655172,19.9034482758621,6.35,5.588,0.153335937280137,28.194,1.90856732124682,2,"historic"
136,1988-06-14,17.0166666666667,31.4766666666667,25.73,0.254,0.254,0.129356199018796,22.352,1.88416680263354,2,"historic"
137,1988-07-13,18.6551724137931,32.3103448275862,25.1586206896552,68.072,68.072,0.143224419619804,73.914,1.87853902787832,2,"historic"
138,1988-08-12,20.1633333333333,30.9,22.72,128.27,120.904,0.205185111821217,189.23,1.87964716938278,2,"historic"
139,1988-09-10,17.1103448275862,29.748275862069,20.7034482758621,64.008,64.008,0.277181104205688,252.984,1.91749921353903,0,"historic"
140,1988-10-10,14.0933333333333,27.4833333333333,16.3533333333333,38.862,25.654,0.239606353706847,210.566,1.98451798957645,1,"historic"
141,1988-11-09,12.1833333333333,25.5966666666667,11.6533333333333,50.546,50.546,0.162904252082196,140.208,1.98882053091793,1,"historic"
142,1988-12-08,4.16206896551724,17.4896551724138,3.10689655172414,8.89,0,0.1590326082796,76.2,2.00323729538553,1,"historic"
143,1989-01-07,1.83,13.9266666666667,1.74137931034483,42.164,0.508,0.155160964477004,51.054,2.02776828297923,1,"historic"
144,1989-02-06,2.39,15.19,2.70333333333333,8.636,0,0.151289320674408,0.508,2.06241349369903,0,"historic"
145,1989-03-07,5.98965517241379,18.8827586206897,8.7551724137931,7.924,3.362,0.147417676871812,3.87,2.0663680260907,1,"historic"
146,1989-04-05,7.66551724137931,24.7965517241379,16.2896551724138,14.224,14.224,0.143546033069216,17.586,2.06723998110672,1,"historic"
147,1989-05-05,13.7566666666667,29.0566666666667,22.11,0,0,0.13967438926662,17.586,2.05357843309321,0,"historic"
148,1989-06-03,14.7758620689655,30.3413793103448,24.3241379310345,2.794,2.794,0.130747542713673,17.018,2.05496977678808,0,"historic"
149,1989-07-02,18.3651724137931,36.2158620689655,28.3407416003537,0,0,0.126459510325729,2.794,2.03820486749401,0,"historic"
150,1989-08-01,19.488,34.5856666666667,26.6381805555556,93.218,93.218,0.135067923894402,96.012,1.96808767956719,0,"historic"
151,1989-08-30,17.7972413793103,30.9879310344828,23.9656034482759,24.13,24.13,0.304356042499078,117.348,1.99526261786058,0,"historic"
152,1989-09-29,15.3376666666667,31.2596666666667,22.9893055555556,15.494,15.494,0.251401240185768,132.842,2.00705750433951,1,"historic"
153,1989-10-29,10.5063,26.1833333333333,17.9765861111111,28.702,28.702,0.217629928584163,68.326,2.06178318084147,1,"historic"
154,1989-11-28,4.2106,21.4543333333333,12.4115513888889,0,0,0.192319587668752,44.196,2.09507016023062,1,"historic"
155,1989-12-27,-1.39455172413793,14.9575862068966,5.92030028735632,0,0,0.167009246753341,28.702,2.10691844250696,2,"historic"
156,1990-01-26,-0.9246,14.0472,5.96981805555556,12.7,1.27,0.14169890583793,1.27,2.09732802767048,1,"historic"
157,1990-02-25,-0.523133333333333,15.7903333333333,7.35873888888889,16.764,1.016,0.116388564922518,2.286,2.06629891572119,1,"historic"
158,1990-03-26,5.586,20.9896551724138,13.2235445402299,8.636,8.636,0.091078224007107,10.922,2.01383110665908,1,"historic"
159,1990-04-24,9.36168965517241,24.7786206896552,17.3918376436782,3.556,3.556,0.104751843610108,13.208,1.97890856100257,1,"historic"
160,1990-05-24,12.1162666666667,28.278,20.9731541666667,3.556,3.556,0.113021688714915,15.748,1.96118270700381,1,"historic"
161,1990-06-22,17.5986206896552,35.0110344827586,27.108117816092,7.874,7.874,0.115032197092117,14.986,1.9497553937702,1,"historic"
162,1990-07-21,20.4472413793103,34.2537931034483,26.9062931034483,70.866,70.866,0.134831537404968,82.296,1.94951900728076,1,"historic"
163,1990-08-20,17.1163333333333,29.2416666666667,22.6538472222222,83.058,72.39,0.193543087496714,151.13,1.8387060522784,1,"historic"
164,1990-09-18,17.7148275862069,32.23,24.7725143678161,7.112,7.112,0.252254637588461,150.368,1.83955944968109,0,"historic"
165,1990-10-18,12.6641,26.2193333333333,19.0411194444444,53.086,53.086,0.186457067151852,132.588,1.80838658824878,0,"historic"
166,1990-11-17,6.1551,22.342,14.0908083333333,30.48,5.08,0.178389897510856,65.278,1.79445689809089,0,"historic"
167,1990-12-16,2.67744827586207,17.1348275862069,9.2617341954023,31.75,16.002,0.170358194659889,74.168,1.79780584599744,0,"historic"
168,1991-01-15,0.130333333333333,12.5542,5.67940138888889,26.924,12.7,0.162326491808922,33.782,1.81843343196843,0,"historic"
169,1991-02-14,1.02376666666667,14.7855666666667,7.42204861111111,27.432,16.002,0.154294788957955,44.704,1.85633965600386,0,"historic"
170,1991-03-16,3.37366666666667,17.915,10.7348180555556,22.098,15.494,0.146263086106988,44.196,1.91152451810375,0,"historic"
171,1991-04-14,3.96593103448276,20.7613793103448,12.7237270114943,13.208,3.81,0.138231383256021,35.306,1.94500405774966,0,"historic"
172,1991-05-13,8.91720689655172,26.5627586206897,18.5229181034483,0,0,0.164657447662509,19.304,1.99663981669725,0,"historic"
173,1991-06-12,13.5393333333333,30.237,22.3005555555556,12.192,12.192,0.14257406210577,16.002,2.02418168171091,0,"historic"
174,1991-07-11,17.6748275862069,34.8793103448276,26.5267816091954,27.686,20.574,0.142366210799166,32.766,2.0317163551051,0,"historic"
175,1991-08-09,18.4962068965517,32.17,24.8137643678161,55.372,55.372,0.152454426105582,88.138,1.99062769371397,0,"historic"
176,1991-09-08,17.8943333333333,32.18,24.4948194444444,36.068,28.448,0.219089619281589,104.394,1.9574626754071,0,"historic"
177,1991-10-07,14.4896551724138,28.6089655172414,21.2087068965517,34.29,27.94,0.159496462851435,111.76,1.93050207110668,0,"historic"
178,1991-11-06,1.94166666666667,20.958,14.2900696286472,18.7,3.1,0.156891295051841,59.488,1.90900346864767,0,"historic"
179,1991-12-05,-3.54827586206897,12.6655172413793,6.76551724137931,32.6,18.3,0.158365706646558,49.34,1.89701098063434,0,"historic"
180,1992-01-04,2.76476666666667,12.4250666666667,7.03037916666667,104.394,46.736,0.159840118241275,68.136,1.89452460706669,0,"historic"
181,1992-02-03,-0.3741,10.8266666666667,4.89482222222222,26.67,5.842,0.161314529835993,70.878,1.90154434794473,0,"historic"
182,1992-03-04,3.4268,16.2276666666667,9.4986875,20.574,20.32,0.16278894143071,72.898,1.91807020326845,0,"historic"
183,1992-04-02,5.08931034482759,18.9703448275862,11.8828275862069,34.544,30.226,0.164263353025427,56.388,1.94410217303786,0,"historic"
184,1992-05-02,10.4631666666667,27.1796666666667,19.1004875,3.81,3.81,0.230163272331322,54.356,2.00960799770667,0,"historic"
185,1992-05-31,12.181724137931,26.2979310344828,18.8003735632184,66.294,60.96,0.200472810943726,94.996,2.06750674654463,1,"historic"
186,1992-06-30,16.3103333333333,34.1686666666667,25.7697361111111,10.16,10.16,0.199622301134082,74.93,2.12476283687954,1,"historic"
187,1992-07-29,18.4755172413793,34.4048275862069,26.2771982758621,52.07,52.07,0.196479978862469,123.19,2.16878838963643,0,"historic"
188,1992-08-27,18.0462068965517,32.1551724137931,24.6574425287356,54.864,54.864,0.134523789529263,117.094,2.0842225598841,1,"historic"
189,1992-09-26,9.15633333333333,27.0173333333333,24.2765092592593,42.908,34,0.139559935519308,140.934,2.06428603255197,1,"historic"
190,1992-10-25,12.6520689655172,28.9565517241379,20.2094827586207,5.08,5.08,0.176925417010462,93.944,2.0843201545106,1,"historic"
191,1992-11-24,4.88133333333333,19.517,11.6844597222222,11.938,5.334,0.153225105785688,44.414,2.07917955364973,1,"historic"
192,1992-12-23,-0.878034482758621,11.8664827586207,4.94784913793103,45.466,18.034,0.12203251482211,28.448,2.04137195023056,1,"historic"
193,1993-01-22,3.90596666666667,14.199,8.73092777777778,60.706,52.07,0.141991249154899,75.438,2.02204866954947,1,"historic"
194,1993-02-21,1.78616666666667,15.364,8.03882222222222,17.526,13.208,0.148317109804212,83.312,2.00757683792297,1,"historic"
195,1993-03-23,4.11956666666667,19.787,11.9288319444444,1.778,0.508,0.151173326947439,65.786,1.99448681184498,1,"historic"
196,1993-04-21,6.24648275862069,23.3841379310345,15.1786465517241,5.334,5.334,0.193208344848061,19.05,1.95753188436172,0,"historic"
197,1993-05-21,12.727,29.6506666666667,21.6803055555556,0.762,0.762,0.167187140106184,6.604,1.92424621352418,0,"historic"
198,1993-06-19,15.6593103448276,33.2903448275862,25.0129597701149,10.414,10.414,0.154765085575991,16.51,1.87938899796609,0,"historic"
199,1993-07-19,19.6953333333333,34.9333333333333,27.2280277777778,16.51,16.51,0.140408486322099,27.686,1.82331750542572,0,"historic"
200,1993-08-17,19.7827586206897,34.8727586206897,26.8926724137931,0,0,0.139216582064231,26.924,1.82801029796068,0,"historic"
201,1993-09-15,17.1868965517241,30.3503448275862,23.2730603448276,47.498,46.736,0.157034993159464,63.246,1.84548535560084,0,"historic"
202,1993-10-15,14.3173333333333,30.2946666666667,22.0568055555556,2.032,2.032,0.161238653841818,48.768,1.8297985924322,0,"historic"
203,1993-11-13,5.87010344827586,21.3603448275862,13.327617816092,8.636,5.334,0.146647926112215,54.102,1.82322141275872,0,"historic"
204,1993-12-13,2.3584,17.4626666666667,9.11854305555556,26.924,2.032,0.127912375195343,9.398,1.82910127313196,0,"historic"
205,1994-01-11,0.358448275862069,14.5979310344828,6.88422988505747,10.922,0,0.113628843658704,7.366,1.80073886763576,0,"historic"
206,1994-02-10,0.405933333333333,15.5697,7.38835833333333,17.018,12.954,0.105520168762937,14.986,1.75794192659449,0,"historic"
207,1994-03-12,3.99663333333333,18.9876666666667,11.2886097222222,3.048,1.016,0.110851547247466,13.97,1.71762014689451,0,"historic"
208,1994-04-10,7.50241379310345,22.2665517241379,14.9931451149425,12.192,3.81,0.104079883814518,17.78,1.62849168586097,0,"historic"
209,1994-05-10,10.3977333333333,26.9113333333333,19.1400375,3.556,3.556,0.11173254714045,8.382,1.57303709289523,0,"historic"
210,1994-06-09,15.665,32.485,24.5587638888889,3.048,0.762,0.114720868235202,8.128,1.53299287555445,0,"historic"
211,1994-07-08,21.8196551724138,37.6572413793103,30.0727873563218,3.556,3.556,0.114143183698252,7.874,1.5067275729306,0,"historic"
212,1994-08-07,20.9743333333333,36.2166666666667,28.4607361111111,18.796,18.796,0.113930209685671,23.114,1.48144120055204,0,"historic"
213,1994-09-05,19.7155172413793,33.7624137931034,26.1839798850575,47.244,39.116,0.107007701054067,61.468,1.43141390844664,0,"historic"
214,1994-10-04,17.0193103448276,31.3741379310345,23.9333764367816,11.684,11.684,0.144552727411583,69.596,1.41472798201641,0,"historic"
215,1994-11-03,10.1589666666667,24.9003333333333,17.3371333333333,13.208,13.208,0.122554974732168,64.008,1.39063503063636,0,"historic"
216,1994-12-02,2.88762068965517,17.2265517241379,9.73362068965517,63.754,61.722,0.100030137871354,86.614,1.36275279331237,0,"historic"
217,1995-01-01,2.30163333333333,13.775,7.52309861111111,77.47,45.466,0.12549018521449,120.396,1.37461413486816,0,"historic"
218,1995-01-30,1.40268965517241,13.6502068965517,6.92859626436782,21.082,17.018,0.132041776411429,124.206,1.40113574251665,0,"historic"
219,1995-03-01,5.00006666666667,18.404,11.3269277777778,21.336,21.336,0.226775330179968,83.82,1.51705952544915,0,"historic"
220,1995-03-30,4.60586206896552,20.1531034482759,12.5276752873563,16.002,16.002,0.316364119283957,54.356,1.72934376091859,0,"historic"
221,1995-04-29,6.0636,23.7173333333333,15.3380125,1.524,0,0.293348942837374,37.338,1.91096015661551,0,"historic"
222,1995-05-29,11.2770666666667,27.761,20.4020097222222,2.54,2.286,0.192513852463088,18.288,1.9887531408434,0,"historic"
223,1995-06-27,16.1503448275862,33.7672413793103,25.8065373563218,0,0,0.181814753998443,2.286,2.05642471114359,0,"historic"
224,1995-07-27,19.5943333333333,35.155,27.441875,39.116,39.116,0.185425452167197,41.402,2.12791995362512,0,"historic"
225,1995-08-25,20.501724137931,35.5748275862069,27.9051436781609,27.94,27.94,0.176543245869945,67.056,2.197455498441,0,"historic"
226,1995-09-24,17.3136666666667,32.1543333333333,24.3610277777778,60.96,60.706,0.198027258546423,127.762,2.25093002957584,0,"historic"
227,1995-10-23,12.0335862068966,29.2755172413793,20.4440517241379,12.7,12.7,0.2476573857293,101.346,2.37603244057297,0,"historic"
228,1995-11-22,7.75276666666667,23.6306666666667,15.0525777777778,7.62,7.62,0.205894254319399,81.026,2.48189655702101,0,"historic"
229,1995-12-21,3.59886206896552,19.3305172413793,10.6706063218391,4.064,1.27,0.178394653208049,21.59,2.53480102501457,0,"historic"
230,1996-01-20,0.747466666666667,17.0122,7.85187224400871,0.508,0,0.151545115243543,8.89,2.55430436384669,0,"historic"
231,1996-02-18,3.82362068965517,19.6010344827586,11.2732471264368,6.35,5.842,0.147370661304985,7.112,2.4748996949717,0,"historic"
232,1996-03-19,4.0105,19.6933333333333,12.1724277777778,1.778,0,0.104012277044494,5.842,2.26254785273224,0,"historic"
233,1996-04-17,7.32748275862069,23.418275862069,15.7045502873563,4.318,4.318,0.132517236417894,10.16,2.10171614631276,0,"historic"
234,1996-05-17,13.879,32.2416666666667,23.8743041666667,0,0,0.114704698985461,4.318,2.02390699283513,0,"historic"
235,1996-06-15,17.3306896551724,34.0093103448276,26.3704454022988,26.162,26.162,0.124612390377545,30.48,1.96670462921423,0,"historic"
236,1996-07-15,19.5726666666667,35.07,26.8715,67.31,67.31,0.161002011846073,93.472,1.94228118889311,0,"historic"
237,1996-08-14,19.33,33.9656666666667,26.3999444444444,52.324,52.324,0.218312261568279,145.796,1.98405020459144,0,"historic"
238,1996-09-12,17.7558620689655,31.8634482758621,24.1762931034483,21.844,21.844,0.183100992812379,141.478,1.9691239388574,0,"historic"
239,1996-10-12,14.4936666666667,29.6286666666667,21.7910694444444,34.798,18.034,0.199930338872474,92.202,1.92139689200058,0,"historic"
240,1996-11-10,5.99,21.44,13.5512658045977,43.942,29.718,0.135192563081009,69.596,1.85069520076219,0,"historic"
241,1996-12-10,4.1954,19.1153333333333,11.1145180555556,6.858,2.286,0.144439210881664,50.038,1.8167397584358,0,"historic"
242,1997-01-08,0.371448275862069,14.7720344827586,6.91655172413793,11.938,8.128,0.106485925727371,40.132,1.77168056891963,0,"historic"
243,1997-02-07,1.03236666666667,15.022,7.5957625,13.97,2.032,0.164810605602213,12.446,1.78912051321686,0,"historic"
244,1997-03-08,2.17720689655172,17.2270689655172,9.34639942528736,40.64,2.286,0.139719042570143,12.446,1.82482727874251,0,"historic"
245,1997-04-07,6.83663333333333,22.739,14.8487152777778,3.048,3.048,0.18624117246142,7.366,1.87855121478603,0,"historic"
246,1997-05-06,10.3155862068966,26.4044827586207,18.9308390804598,2.794,2.54,0.146311745627002,7.874,1.91015826142757,0,"historic"
247,1997-06-05,15.6956666666667,31.5266666666667,23.5794305555556,32.004,23.622,0.147311904724578,29.21,1.93285777577461,0,"historic"
248,1997-07-04,18.0937931034483,35.168275862069,27.4351005747126,2.286,0.254,0.146907410856636,26.416,1.91876317478517,0,"historic"
249,1997-08-03,19.4843333333333,34.026,26.4266666666667,40.64,40.64,0.133157445117889,64.516,1.83360835833478,0,"historic"
250,1997-09-01,18.7596551724138,33.2503448275862,25.5058189655172,34.29,28.702,0.192706361619326,69.596,1.84321372714173,0,"historic"
251,1997-10-01,18.0496666666667,32.275,24.6428611111111,27.432,27.432,0.168888153556594,96.774,1.81217154182585,0,"historic"
252,1997-10-31,8.60703333333333,25.032,16.5841652777778,8.89,8.89,0.151944762267122,65.024,1.82892374101196,0,"historic"
253,1997-11-29,5.21451724137931,19.8137931034483,11.9689109195402,16.002,16.002,0.119488483294782,52.324,1.80397301342508,0,"historic"
254,1997-12-29,-0.605366666666667,11.0337333333333,4.62975694444444,51.816,8.382,0.116409805270173,33.274,1.81389689296788,0,"historic"
255,1998-01-27,0.854724137931035,16.1989655172414,7.90447988505747,1.27,0.762,0.112263413201559,25.146,1.76134970056723,0,"historic"
256,1998-02-26,1.45123333333333,14.333,7.29696805555556,30.48,0.254,0.173394767483135,9.398,1.79502542548022,0,"historic"
257,1998-03-27,3.682,19.6620689655172,11.4488505747126,17.272,13.208,0.166238090776942,14.224,1.77502234379574,0,"historic"
258,1998-04-26,4.6357,21.0087,13.0964875,12.7,0.508,0.181962142544205,13.97,1.81067274071294,0,"historic"
259,1998-05-25,5.74903448275862,26.0037931034483,22.3670795019157,0,0,0.145343652643157,13.716,1.80870448863152,0,"historic"
260,1998-06-23,7.0551724137931,29.3827586206897,27.5793103448276,4.3,4.3,0.142693617597763,4.808,1.80449069537265,0,"historic"
261,1998-07-23,13.4344827586207,30.6413793103448,26.9896551724138,122.2,122.2,0.158710735098034,126.5,1.83004398535279,0,"historic"
262,1998-08-21,12.9655172413793,28.948275862069,26.2137931034483,49.5,49.5,0.178699646847236,176,1.8160372705807,0,"historic"
263,1998-09-20,19.002,33.1306666666667,26.1762232905983,28.956,28.956,0.179614468001867,200.656,1.82676358502598,0,"historic"
264,1998-10-20,13.6170666666667,30.5726666666667,22.0880347222222,0,0,0.14347659308248,78.456,1.81829541584133,0,"historic"
265,1998-11-18,7.60420689655172,21.2389655172414,14.0441393678161,32.766,32.766,0.15178069832877,61.722,1.85058763087532,0,"historic"
266,1998-12-18,2.16906666666667,16.5548,8.92155833333333,20.574,7.112,0.182962800141474,39.878,1.91714062574662,0,"historic"
267,1999-01-17,1.79366666666667,17.7963333333333,9.07062083333333,0,0,0.195617259387298,39.878,2.00049447193236,0,"historic"
268,1999-02-15,1.6561724137931,18.7131034482759,9.73723132183908,0,0,0.149531599864812,7.112,1.97663130431404,0,"historic"
269,1999-03-17,4.62973333333333,22.0826666666667,13.3529194444444,1.778,0,0.108261424711206,0,1.9186546382483,0,"historic"
270,1999-04-15,4.47234482758621,22.5710344827586,13.9274468390805,3.556,0,0.117179487528099,0,1.8538719832322,0,"historic"
271,1999-05-15,11.4692666666667,27.7673333333333,20.17345,0,0,0.094715039736151,0,1.80324337032519,0,"historic"
272,1999-06-13,14.707724137931,32.2620689655172,24.2027643678161,0,0,0.108231859952116,0,1.76878161267954,0,"historic"
273,1999-07-12,19.4272413793103,34.2989655172414,26.6196695402299,47.244,47.244,0.109831142266595,47.244,1.7199020198481,0,"historic"
274,1999-08-11,18.0523333333333,29.6453333333333,23.0574027777778,118.11,109.728,0.182289046930911,156.972,1.72349141993178,0,"historic"
275,1999-09-09,18.1375862068966,32.7810344827586,25.025632183908,49.784,49.784,0.255008625561802,206.756,1.79888557749171,0,"historic"
276,1999-10-09,14.7786666666667,30.7073333333333,22.4519166666667,22.098,22.098,0.241111717288196,181.61,1.89652070169743,0,"historic"
277,1999-11-07,8.04844827586207,26.511724137931,16.9727413793103,0.254,0.254,0.181069608564333,72.136,1.92580961193299,0,"historic"
278,1999-12-07,4.66486666666667,21.9733333333333,12.6239666666667,0,0,0.143517908698617,22.352,1.88636472049014,0,"historic"
279,2000-01-06,-0.7176,13.0698333333333,5.88267222222222,4.826,0,0.126726911517064,0.254,1.8174743726199,0,"historic"
280,2000-02-05,2.4287,19.732,10.3619375,0,0,0.124335522899295,0,1.79227829565438,0,"historic"
281,2000-03-05,4.08896551724138,21.0210344827586,12.6094353448276,1.016,1.016,0.121302722091444,1.016,1.80531959303462,0,"historic"
282,2000-04-04,4.5074,21.6073333333333,13.3195236111111,4.826,1.016,0.105813584339183,2.032,1.79395368984571,0,"historic"
283,2000-05-03,11.7932068965517,29.4789655172414,21.0929612068966,0,0,0.107135444602903,2.032,1.80637409471246,0,"historic"
284,2000-06-02,16.6306666666667,34.1376666666667,25.9895138888889,0,0,0.102429293594045,1.016,1.80057152835439,0,"historic"
285,2000-07-01,18.5075862068966,33.1420689655172,25.7440804597701,41.402,41.402,0.108407533989948,41.402,1.79914792007774,0,"historic"
286,2000-07-30,20.1720689655172,35.8451724137931,27.5517528735632,21.336,21.336,0.146794698758837,62.738,1.76365357190567,0,"historic"
287,2000-08-29,19.293,34.2286666666667,26.24,34.544,34.544,0.134911767931201,97.282,1.64355671427506,0,"historic"
288,2000-09-27,17.1955172413793,33.2096551724138,25.0756034482759,8.636,2.54,0.136168898924608,58.42,1.53861389591148,0,"historic"
289,2000-10-27,12.1170666666667,24.4703333333333,17.8582347222222,126.746,126.746,0.116034045421642,163.83,1.47357833276879,0,"historic"
290,2000-11-25,2.12027586206897,14.7065517241379,8.06821695402299,30.226,11.43,0.158632223712805,140.716,1.48869264778297,0,"historic"
291,2000-12-25,1.92363333333333,17.2906666666667,8.67838888888889,6.858,4.826,0.232710880297738,143.002,1.59467661656365,0,"historic"
292,2001-01-24,-0.375533333333333,12.5624333333333,5.29784583333333,21.844,1.778,0.176057415848834,18.034,1.64639850951319,0,"historic"
293,2001-02-23,0.611033333333333,16.21,8.02686805555556,10.922,0,0.314921050720845,6.604,1.84001683814259,0,"historic"
294,2001-03-24,2.92272413793103,18.4703448275862,10.7736063218391,3.048,0,0.299375521074878,1.778,2.03357877487828,0,"historic"
295,2001-04-23,7.58296666666667,24.5456666666667,16.4949166666667,13.208,13.208,0.220522855571349,13.208,2.14696618584673,0,"historic"
296,2001-05-22,13.4896551724138,30.0696551724138,22.0801724137931,9.652,9.652,0.174618470322165,22.86,2.21915536257485,0,"historic"
297,2001-06-21,18.453,36.1423333333333,27.7643333333333,0,0,0.149144424902022,22.86,2.25989225348692,0,"historic"
298,2001-07-20,19.0693103448276,34.0603448275862,25.9574856321839,60.452,60.452,0.157375053671128,70.104,2.27047260839922,0,"historic"
299,2001-08-18,18.918275862069,32.8841379310345,25.1411781609195,56.388,55.372,0.170900971248138,115.824,2.30646181171615,0,"historic"
300,2001-09-17,17.987,33.373,25.7126944444444,16.002,16.002,0.212552198481477,131.826,2.38284511127302,0,"historic"
301,2001-10-16,13.2889310344828,29.1772413793103,20.950908045977,6.35,6.35,0.185858722751762,77.724,2.45266978860314,0,"historic"
302,2001-11-14,11.7383793103448,27.0334482758621,18.9632600574713,4.572,4.572,0.145535709530739,26.924,2.43957327442108,0,"historic"
303,2001-12-14,1.04373333333333,16.0517,8.13284305555556,2.794,0.508,0.127141997486361,11.43,2.3340043916097,0,"historic"
304,2002-01-13,0.4798,15.5763333333333,7.23405138888889,3.302,0.254,0.126928138925167,5.334,2.28487511468603,0,"historic"
305,2002-02-12,0.3855,14.2444666666667,7.55744444444444,23.876,5.588,0.124408816843804,6.35,2.09436288080899,0,"historic"
306,2002-03-13,-3.88275862068966,17.6379310344828,15.1931034482759,4.9,0,0.122206692095739,5.842,1.91719405182985,0,"historic"
307,2002-04-12,0.383333333333333,21.64,19.07,0,0,0.109511021366658,5.588,1.80618221762516,0,"historic"
308,2002-05-12,3.50689655172414,25.6586206896552,23.7379310344828,0,0,0.107873581333602,0,1.7394373286366,0,"historic"
309,2002-06-10,6.4551724137931,29.5586206896552,27.6689655172414,0,0,0.109542346443143,0,1.69983525017772,0,"historic"
310,2002-07-10,12.5533333333333,34.0366666666667,31.8833333333333,2.3,2.3,0.104319502611243,2.3,1.64677969911783,0,"historic"
311,2002-08-08,14.0413793103448,28.6689655172414,24.8068965517241,86.4,86.4,0.126237753053528,88.7,1.60211648092322,0,"historic"
312,2002-09-06,12.2714285714286,30.1862068965517,27.1827586206897,81.1,81.1,0.327787106162642,169.8,1.71735138860439,0,"historic"
313,2002-10-06,8.60344827586207,25.8931034482759,22.4344827586207,24,15.9,0.246880774737463,183.4,1.77837344059009,0,"historic"
314,2002-11-04,2.67586206896552,20.3275862068966,15.8793103448276,11,0,0.197017132835485,97,1.82985486389483,0,"historic"
315,2002-12-04,-1.85,16.1566666666667,10.2533333333333,23.8,9.1,0.162252473279615,25,1.86496533968809,0,"historic"
316,2003-01-02,-5.04827586206897,10.5120689655172,4.21822212643678,23.3,3.8,0.126013806685835,12.9,1.86405100744876,0,"historic"
317,2003-02-01,3.08333333333333,19.5076666666667,10.6113194444444,0.9,0.8,0.117993128338229,13.7,1.85763531894318,0,"historic"
318,2003-03-02,2.48310344827586,16.1837931034483,9.04204022988506,17.1,16.4,0.12569657004331,21,1.86112519689075,0,"historic"
319,2003-04-01,5.09566666666667,21.1153333333333,13.2760694444444,3.6,1.5,0.114747016065054,18.7,1.86636119158915,0,"historic"
320,2003-05-01,7.58633333333333,25.144,17.0315694444444,0,0,0.0983990030423377,17.9,1.85688661329788,0,"historic"
321,2003-05-30,14.2451724137931,31.5972413793103,23.5898850574713,0,0,0.116926783747031,1.5,1.86427105060177,0,"historic"
322,2003-06-29,17.7343333333333,34.8126666666667,26.9256666666667,7.5,7.5,0.10815266314534,7.5,1.86810421113587,0,"historic"
323,2003-07-28,21.0737931034483,37.9020689655172,29.4389224137931,20.8,20.8,0.107159083053408,28.3,1.84902554113575,0,"historic"
324,2003-08-27,19.9133333333333,34.5633333333333,27.0685138888889,23.8,16.5,0.121324481434702,44.8,1.64256291640781,1,"historic"
325,2003-09-25,18.118275862069,32.5427586206897,25.3903448275862,6.1,6.1,0.115950226349412,43.4,1.51163236801976,0,"historic"
326,2003-10-25,15.057,30.652,22.5589722222222,9.5,9.5,0.111508412584372,32.1,1.42612364776865,0,"historic"
327,2003-11-23,6.37379310344828,21.7193103448276,13.5612643678161,19.2,19.2,0.109171898458528,34.8,1.37304307294756,0,"historic"
328,2003-12-23,0.610333333333333,16.2116666666667,7.99801388888889,4.1,1.1,0.104071781271992,29.8,1.35110104753372,0,"historic"
329,2004-01-21,1.39048275862069,13.72,6.99192528735632,37.8,26.9,0.12623396864695,47.2,1.35934188784244,0,"historic"
330,2004-02-20,0.524166666666667,14.6181666666667,7.2006125,8.7,0.1,0.156415176458657,28.1,1.39006049425778,0,"historic"
331,2004-03-20,5.25458620689655,18.3841379310345,11.5910129310345,43.5,15.5,0.211663853096226,42.5,1.48697733128896,0,"historic"
332,2004-04-19,8.36783333333333,22.9543333333333,15.732794384058,23.9,23.9,0.160738964852427,39.5,1.54931729309904,0,"historic"
333,2004-05-18,12.5854827586207,28.7803448275862,21.3195502873563,0.9,0.9,0.132400813238814,40.3,1.56479132259083,0,"historic"
334,2004-06-17,16.723,33.5253333333333,25.98425,1.4,1.4,0.120885642199834,26.2,1.57752430164532,0,"historic"
335,2004-07-17,18.7833333333333,34.644,26.7649444444444,20.3,20.3,0.118975267339477,22.6,1.58934048593139,0,"historic"
336,2004-08-15,19.2027586206897,32.5548275862069,25.3841666666667,91,91,0.127047847287144,112.7,1.59506385178383,0,"historic"
337,2004-09-14,16.1103333333333,31.0626666666667,23.4804444444444,60.5,19.9,0.255715713450929,131.2,1.73482933888535,0,"historic"
338,2004-10-13,12.6748275862069,28.2075862068966,20.1534195402299,25.2,25.2,0.1968738064627,136.1,1.82019473276368,0,"historic"
339,2004-11-12,7.21276666666667,21.9313333333333,14.18415,16.1,16,0.148526509881129,61.1,1.85954934418628,0,"historic"
340,2004-12-11,1.33589655172414,13.9041724137931,7.31027011494253,37.8,9.1,0.151189376101897,50.3,1.90666693901618,0,"historic"
341,2005-01-10,1.00666666666667,13.9241333333333,7.08751111111111,34,20.5,0.146383286211022,45.6,1.92681625658026,0,"historic"
342,2005-02-08,2.18555172413793,13.9146551724138,7.57987212643678,39.5,22.8,0.166438523785126,52.4,1.93683960390673,0,"historic"
343,2005-03-10,4.80173333333333,16.846,10.3916944444444,29.1,18.3,0.280281025831201,61.6,2.0054567766417,0,"historic"
344,2005-04-08,5.64568965517241,20.7341379310345,13.2913060344828,0.5,0,0.249316277085171,41.1,2.09403408887444,0,"historic"
345,2005-05-08,9.0593,26.0353333333333,18.0230180555556,4.8,4.8,0.168798784024219,23.1,2.13043205965985,0,"historic"
346,2005-06-06,14.9293103448276,32.1844827586207,24.4200718390805,3.1,3.1,0.144743141797841,7.9,2.15428955925786,0,"historic"
347,2005-07-06,19.13,36.55,28.7982083333333,0,0,0.141880929683069,7.9,2.17719522160145,0,"historic"
348,2005-08-04,20.8824137931034,35.3231034482759,27.9472557471264,31.6,31.6,0.148476786518292,34.7,2.1986241608326,0,"historic"
349,2005-09-03,18.286,32.0816666666667,24.6816388888889,45.9,45.9,0.186038002353909,77.5,2.12894644973558,0,"historic"
350,2005-10-03,17.0903333333333,32.003,24.354125,31.3,29.2,0.204599999271062,106.7,2.13667264254394,0,"historic"
351,2005-11-01,10.2743793103448,25.071724137931,17.3408362068966,22.1,22,0.152390593691739,97.1,2.14053672635455,0,"historic"
352,2005-12-01,5.3628,22.0626666666667,13.0243361111111,0,0,0.134183299042063,51.2,2.12353064929471,0,"historic"
353,2005-12-30,1.57958620689655,17.0751724137931,8.77216666666667,3.9,0,0.113058047098089,22,2.09020541018178,0,"historic"
354,2006-01-29,1.15886666666667,16.848,8.66066944444444,2.9,2.9,0.091621772156675,2.9,2.01538865855333,0,"historic"
355,2006-02-27,2.85310344827586,19.8593103448276,11.0308204022989,2.8,2.8,0.107853135646488,5.7,1.84296076836862,0,"historic"
356,2006-03-29,5.19663333333333,20.0326666666667,12.891425,6.3,1,0.104262179327797,6.7,1.69790667061124,0,"historic"
357,2006-04-27,10.0922068965517,27.3344827586207,19.1419626436782,1.1,1.1,0.100032600939745,4.9,1.62914048752677,0,"historic"
358,2006-05-26,14.6904482758621,31.2710344827586,23.6112715517241,0,0,0.0940339831990771,2.1,1.578431328928,0,"historic"
359,2006-06-25,19.6256666666667,35.4723333333333,27.94175,12.2,12.2,0.0978414214673072,13.3,1.53439182071224,0,"historic"
360,2006-07-24,20.468275862069,35.1972413793103,27.6588649425287,59.7,59.7,0.12101050445411,71.9,1.50692553864806,0,"historic"
361,2006-08-23,18.0316666666667,29.162,22.8279722222222,152,148.5,0.390335707628853,220.4,1.71122324392301,0,"historic"
362,2006-09-22,14.859,27.3213333333333,20.6254444444444,86.9,86.7,0.442809759182303,294.9,1.94943300383425,0,"historic"
363,2006-10-21,11.3440344827586,26.5520689655172,18.4836925287356,58.4,58.1,0.29046363042311,293.3,2.08750604056562,0,"historic"
364,2006-11-20,5.8712,23.4273333333333,13.9423180555556,4.5,4.3,0.22961146191955,149.1,2.18293420344311,0,"historic"
365,2006-12-20,0.173,16.723,7.98079305555556,2.2,0,0.16635535780996,62.4,2.23623151415498,0,"historic"
366,2007-01-18,-1.61668965517241,12.7720344827586,4.93239655172414,9.8,1.7,0.135234546070767,6,2.27984428806907,0,"historic"
367,2007-02-17,0.509,13.8841333333333,6.80468611111111,30,0.6,0.10285396103966,2.3,2.27484511346224,0,"historic"
368,2007-03-18,3.62768965517241,21.081724137931,12.4973405172414,0.7,0,0.114312510051837,2.3,2.28489544418628,0,"historic"
369,2007-04-17,7.67176666666667,23.1253333333333,15.6118194444444,21.4,18.6,0.12440912112746,19.2,2.309271964374,0,"historic"
370,2007-05-16,11.367275862069,27.6965517241379,20.0746522988506,25.1,25.1,0.126150976979331,43.7,2.34138895815425,0,"historic"
371,2007-06-14,15.358275862069,31.9372413793103,24.2580316091954,9.5,9.3,0.135640879530453,53,2.3791884162174,0,"historic"
372,2007-07-14,20.0933333333333,37.2026666666667,28.8890972222222,12.2,12.2,0.14416174257682,46.6,2.4023396543401,0,"historic"
373,2007-08-12,18.9403448275862,31.7979310344828,24.5175,34,33.9,0.201627504106444,55.4,2.2136314508177,0,"historic"
374,2007-09-11,17.9173333333333,32.425,24.8217222222222,5.6,5.4,0.355749960193046,51.5,2.12657165182844,0,"historic"
375,2007-10-10,15.0930344827586,30.4131034482759,22.3961925287356,1.8,1.7,0.269482824214684,41,2.10559084562001,0,"historic"
376,2007-11-09,8.73976666666667,26.861,17.5941666666667,0,0,0.198263993937052,7.1,2.07424337763751,0,"historic"
377,2007-12-09,5.79643333333333,19.3041,12.0387138888889,26,19.2,0.144104506373898,20.9,2.05199252620145,0,"historic"
378,2008-01-08,-0.872966666666667,12.8635333333333,5.09057083333333,13.8,0.1,0.121536613209661,19.3,2.03829459334034,0,"historic"
379,2008-02-06,-0.888413793103448,14.1813793103448,6.33673132183908,8.5,6.8,0.124546514976707,26.1,2.05998714727739,0,"historic"
380,2008-03-07,2.2472,19.5526666666667,10.9124541666667,3.4,0,0.122362652669185,6.9,2.06803728989474,0,"historic"
381,2008-04-05,5.26355172413793,23.2024137931034,14.8502543103448,0,0,0.119367350197447,6.8,2.06299551896473,0,"historic"
382,2008-05-05,8.50746666666667,26.3306666666667,18.2427597222222,0,0,0.107633237031373,0,2.04447777901677,0,"historic"
383,2008-06-03,12.2116206896552,30.1572413793103,22.1220014367816,4.7,4.7,0.108003093850158,4.7,2.01683999333647,1,"historic"
384,2008-07-02,19.2065517241379,36.1662068965517,28.3487068965517,0.3,0.3,0.106272315698999,5,1.97895056645865,1,"historic"
385,2008-08-01,18.9826666666667,32.0363333333333,24.7530138888889,104.4,104.4,0.2499697824193,109.4,2.02729284477151,0,"historic"
386,2008-08-30,17.7475862068966,31.0886206896552,23.9715086206897,67.5,67.5,0.294391251935366,172.2,1.96593413651383,2,"historic"
387,2008-09-29,14.6066666666667,29.8573333333333,21.9150833333333,14.4,8.6,0.27760099490524,180.5,1.97405230720439,0,"historic"
388,2008-10-28,9.83320689655172,27.4424137931034,18.4878577586207,2,2,0.18305328245243,78.1,1.95884159571976,2,"historic"
389,2008-11-27,5.17873333333333,21.9333333333333,13.1177138888889,11,11,0.147943902450334,21.6,1.9626809917962,1,"historic"
390,2008-12-27,1.67353333333333,16.1747,8.70827916666667,11.3,4,0.128831822006307,17,1.96997620059285,2,"historic"
391,2009-01-26,1.49426666666667,17.0903333333333,8.79000555555556,11.6,7.8,0.109152317805165,22.8,1.9545820034213,0,"historic"
392,2009-02-24,1.23168965517241,18.4544827586207,9.69236063218391,3.8,0,0.100465916818274,11.8,1.93268526757039,1,"historic"
393,2009-03-26,6.42363333333333,23.229,14.8713055555556,14,11.4,0.0926623977811251,19.2,1.90598031515407,0,"historic"
394,2009-04-24,7.00944827586207,23.441724137931,15.8422974137931,0.4,0.4,0.0895067841330094,11.8,1.88785386225571,0,"historic"
395,2009-05-24,14.2165666666667,30.891,23.1141486111111,16.8,16.8,0.0923579064299746,28.6,1.87220867483552,0,"historic"
396,2009-06-22,15.7603448275862,31.8655172413793,24.5223563218391,1.2,1.2,0.101821401978765,18.4,1.86775776111529,0,"historic"
397,2009-07-21,20.3027586206897,35.0413793103448,27.2678591954023,36.1,34.7,0.128738048851935,52.7,1.74652602754792,0,"historic"
398,2009-08-20,20.3626666666667,35.7693333333333,27.958625,17.4,8.4,0.131063502409872,44.3,1.58319827802243,0,"historic"
399,2009-09-18,15.5089655172414,35.2210344827586,25.5927853417789,132.63,132.63,0.122203521647628,175.73,1.42780080476482,2,"historic"
400,2009-10-17,13.5355172413793,32.0341379310345,22.3783404131268,92.56,74.78,0.120314764140332,215.81,1.36506228645272,1,"historic"
401,2009-11-16,7.78213333333333,23.259,15.0882638888889,12.8,4.6,0.118674540259657,212.01,1.33579292426204,1,"historic"
402,2009-12-16,1.67003333333333,15.5043333333333,8.08335694444444,24,1.8,0.113808480042882,81.18,1.32076958229862,1,"historic"
403,2010-01-15,-0.264733333333333,12.9659,5.74156111111111,14.6,0.9,0.103738208275989,7.3,1.31535547276944,0,"historic"
404,2010-02-13,1.91586206896552,12.8775862068966,6.82303879310345,80.9,3.8,0.106762520911328,6.5,1.3216520768625,0,"historic"
405,2010-03-15,2.249,16.636,9.17005694444445,11.9,0.6,0.106145467985604,5.3,1.33513514706697,0,"historic"
406,2010-04-14,5.5064,22.641,14.3631083333333,2.2,1.9,0.166712422492285,6.3,1.41234078542625,0,"historic"
407,2010-05-13,8.89689655172414,25.6265517241379,17.7017528735632,10.6,4.1,0.180535840452768,6.6,1.50051871944904,0,"historic"
408,2010-06-12,15.0881,33.0433333333333,25.0151361111111,0,0,0.153218328505426,6,1.55191564597571,0,"historic"
409,2010-07-11,18.9075862068965,34.9434482758621,27.3915804597701,10.2,10.2,0.144745251000287,14.3,1.56792284812406,0,"historic"
410,2010-08-09,19.6258620689655,33.7627586206897,25.839066091954,27.3,27.3,0.143007659784442,37.5,1.57986700549863,0,"historic"
411,2010-09-08,19.0906666666667,33.125,25.5218472222222,39.1,39.1,0.166127265257692,76.6,1.62379074910869,0,"historic"
412,2010-10-07,16.79,31.7475862068966,23.9773994252874,11.4,11.4,0.160101754059977,77.8,1.66357773902834,0,"historic"
413,2010-11-05,10.0032068965517,25.6055172413793,17.3611393678161,14.8,14.8,0.138275790615806,65.3,1.68317898938449,0,"historic"
414,2010-12-05,1.99856666666667,19.1392,10.1351013888889,1.1,0,0.129042640208767,26.2,1.69841314955037,0,"historic"
415,2011-01-04,1.53403333333333,16.8568,8.39521944444444,7.5,2.9,0.114825284448134,17.7,1.70950022572252,0,"historic"
416,2011-02-02,-0.418965517241379,15.6072413793103,6.98895689655172,2.6,0,0.109167710942414,2.9,1.7119054157536,0,"historic"
417,2011-03-04,-0.257333333333333,18.2279333333333,8.94409027777778,1.5,0,0.108217670081119,2.9,1.71397761784912,0,"historic"
418,2011-04-03,7.20686666666667,25.6393333333333,16.8791125,0.4,0.4,0.106980946977891,0.4,1.65424614233472,0,"historic"
419,2011-05-02,10.0660344827586,26.7255172413793,18.9170387931034,0.3,0.3,0.10301933862013,0.7,1.57672964050208,0,"historic"
420,2011-06-01,12.2741333333333,30.0226666666667,22.0674319444444,0,0,0.10520845157179,0.7,1.52871976356845,0,"historic"
421,2011-07-01,18.6343333333333,36.85,28.8372777777778,0.6,0.6,0.104581470198453,0.9,1.48855598276662,0,"historic"
422,2011-07-30,20.2586206896552,34.3824137931034,26.755775862069,86.3,86.3,0.120753565468747,86.9,1.46630188845092,0,"historic"
423,2011-08-28,19.6513793103448,34.2227586206897,26.4203304597701,29.8,25.5,0.276421506553921,112.4,1.57659612974715,0,"historic"
424,2011-09-27,17.3353333333333,32.4333333333333,24.688625,41.3,41.3,0.224972579934172,153.1,1.64146695562134,0,"historic"
425,2011-10-26,11.6818620689655,28.6162068965517,19.7785517241379,4.9,4.9,0.200959122305514,71.7,1.70415028731105,0,"historic"
426,2011-11-24,4.14124137931034,19.6872413793103,11.6880689655172,7.7,6.4,0.143586251144518,52.6,1.7186938982468,0,"historic"
427,2011-12-24,0.0832666666666667,11.7056,5.37657222222222,69.5,5,0.117713008223705,16.3,1.72158162202237,0,"historic"
428,2012-01-23,0.857966666666667,16.813,8.01167638888889,2.9,2.8,0.11215363036966,14.2,1.72456754144962,0,"historic"
429,2012-02-21,1.323,16.9796551724138,8.83186206896552,14.3,0,0.126997875803019,7.8,1.74334774717152,0,"historic"
430,2012-03-22,2.66806666666667,19.5937,11.2393805555556,5.7,0.4,0.192928895683097,3.2,1.82929569587673,0,"historic"
431,2012-04-21,8.0713,26.5013333333333,17.6262833333333,0.7,0,0.168632538107562,0.4,1.89490889536416,0,"historic"
432,2012-05-20,13.0648275862069,30.9055172413793,22.6111063218391,4.3,4.3,0.128454694954955,4.7,1.91815513874732,0,"historic"
433,2012-06-19,16.9913333333333,35.5536666666667,27.2261527777778,0.3,0.3,0.120585032240496,4.6,1.93415870078937,0,"historic"
434,2012-07-18,20.3265517241379,35.651724137931,27.9275431034483,26.6,26.6,0.119888986351943,31.2,1.93329412167256,0,"historic"
435,2012-08-17,20.1136666666667,34.5586666666667,26.7946666666667,15.3,14.3,0.173342949445849,41.2,1.83021556456449,0,"historic"
436,2012-09-15,17.3613793103448,31.4262068965517,23.7013074712644,14.7,13.5,0.166037505751222,54.4,1.77128049038154,0,"historic"
437,2012-10-15,14.0624,30.4913333333333,22.2060819444444,4.3,4.1,0.179185486584431,31.9,1.74950685466046,0,"historic"
438,2012-11-13,9.07413793103448,25.8944827586207,17.0818362068966,0.2,0.2,0.135486201625015,17.8,1.74140680514095,0,"historic"
439,2012-12-13,5.44046666666667,21.0733333333333,12.6074819444444,2.9,2.9,0.116573598888033,7.2,1.74026739580528,0,"historic"
440,2013-01-11,-1.32434482758621,11.4972068965517,4.7199367816092,12.5,0,0.100812771358948,3.1,1.72892653679457,0,"historic"
441,2013-02-10,0.191533333333333,15.0957666666667,7.30429027777778,9,3.3,0.0929048904968536,6.2,1.6948335514884,0,"historic"
442,2013-03-11,0.0498620689655173,16.6120689655172,8.29278879310345,11.4,1.9,0.0945281369761945,5.2,1.5964327927815,0,"historic"
443,2013-04-10,8.2542,25.1643333333333,17.0721583333333,1.4,1.4,0.10180707819231,6.6,1.52960733286625,0,"historic"
444,2013-05-09,10.6528275862069,26.9272413793103,19.3743836206897,0,0,0.109599286094219,3.3,1.51075192400551,0,"historic"
445,2013-06-08,15.43,32.7263333333333,25.0641666666667,0.8,0,0.108775736561245,1.4,1.49894262832626,0,"historic"
446,2013-07-08,20.2843333333333,37.046,29.0011111111111,11.8,11.8,0.11601940742275,11.8,1.49507304939707,0,"historic"
447,2013-08-06,18.8044827586207,31.5810344827586,24.591867816092,65.7,64.6,0.198075064849763,76.4,1.51980516480098,0,"historic"
448,2013-09-05,18.672,32.972,25.4782638888889,46.8,46.8,0.231270996766982,123.2,1.58503865581674,0,"historic"
449,2013-10-04,15.1034482758621,29.2248275862069,21.705933908046,65.3,64.9,0.270106791142051,176.3,1.67595996037436,0,"historic"
450,2013-11-03,8.26256666666667,25.7146666666667,16.7892125,0.8,0.8,0.19299570520537,112.5,1.73346946395472,0,"historic"
451,2013-12-02,4.58579310344828,18.5628965517241,11.2001896551724,21.2,0,0.161073686520262,65.7,1.77796955158695,0,"historic"
452,2014-01-01,0.237766666666667,14.3993333333333,6.57590416666667,15,0,0.151383627334194,0.8,1.82854040756219,0,"historic"
453,2014-01-30,1.18372413793103,17.8889655172414,8.89068103448276,0,0,0.121292600494198,0,1.85692811755954,0,"historic"
454,2014-03-01,4.82943333333333,21.201,12.8990638888889,1.4,1.3,0.121611575036131,1.3,1.88401155561947,0,"historic"
455,2014-03-30,6.56103448275862,21.9934482758621,14.3885373563218,9.3,0,0.132418114941514,1.3,1.91462259236868,0,"historic"
456,2014-04-28,9.50137931034483,25.8196551724138,18.0964367816092,5.8,5.8,0.123198268600406,7.1,1.92822157487486,0,"historic"
457,2014-05-28,12.5357333333333,28.7573333333333,21.2732430555556,0.1,0.1,0.12043117797424,5.9,1.93987701628786,0,"historic"
458,2014-06-27,20.3626666666667,36.5556666666667,29.1495555555556,6.6,6.6,0.122337670807792,12.5,1.9461952796729,0,"historic"
459,2014-07-26,19.4624137931034,35.161724137931,26.7969396551724,56.3,56.3,0.154648698480106,63,1.90276891330324,0,"historic"
460,2014-08-25,17.824,30.7446666666667,23.4991944444444,95.5218142,89.8218142,0.28090417774441,152.7218142,1.95240209428067,0,"historic"
461,2014-09-23,16.8889655172414,29.7048275862069,22.9463793103448,111.1131506,92.7641872,0.331767120321813,238.8860014,2.01406242346043,0,"historic"
462,2014-10-23,12.0283333333333,27.9123333333333,19.39325,36.1154136,36.1154136,0.267711653429891,218.701415,2.08877837168496,0,"historic"
463,2014-11-22,6.09536666666667,22.4486666666667,13.6591416666667,7.86384,7.86384,0.243264871616994,136.7434408,2.17096955678169,0,"historic"
464,2014-12-21,3.13996551724138,18.0293103448276,9.79181896551724,13.3976531,9.0288533,0.165827611698057,53.0081069,2.18541354114555,0,"historic"
465,2015-01-20,-0.797766666666667,13.3321666666667,5.57804722222222,12.523894,0.1456267,0.14603642072937,17.03832,2.21015736138072,0,"historic"
466,2015-02-18,3.8,18.5076896551724,10.7776637931034,33.7853858,33.6397591,0.150633154896728,42.8142391,2.23917894124132,0,"historic"
467,2015-03-20,5.152,19.7383333333333,12.3228097222222,23.5915203,21.5527469,0.153475598808214,55.3381327,2.26023642510802,0,"historic"
468,2015-04-18,8.69037931034483,25.548275862069,17.4044612068966,0,0,0.194198679176888,55.192506,2.3312368356845,0,"historic"
469,2015-05-17,9.68268965517241,25.4234482758621,17.9796637931034,5.8250671,5.8250671,0.160778029400817,27.377814,2.37158368711108,0,"historic"
470,2015-06-16,15.0210666666667,32.554,24.4465305555556,4.2231737,4.2231737,0.161070488061182,10.0482408,2.41031650436447,0,"historic"
471,2015-07-15,19.4868965517241,35.3755172413793,27.1261637931034,55.3381367,55.3381367,0.191803580513663,65.3863775,2.44747138639803,0,"historic"
472,2015-08-14,18.8566666666667,33.4526666666667,25.2416944444444,75.580237,75.143357,0.306671210698492,134.7046674,2.47323841935211,0,"historic"
473,2015-09-12,18.0137931034483,32.6255172413793,24.5236350574713,46.8917845,46.8917845,0.292673641597153,177.3732782,2.43414494062745,0,"historic"
474,2015-10-12,15.1896666666667,30.0466666666667,22.0989305555556,30.1447204,30.1447204,0.252068608769341,152.1798619,2.4185018959669,0,"historic"
475,2015-11-11,8.79566666666667,23.746,15.8614164492754,18.34896,18.34896,0.187691352747174,95.3854649,2.36292837709708,0,"historic"
476,2015-12-11,1.32133333333333,18.2760666666667,9.48515089243831,28.5382144,20.7519207,0.158574605248584,69.2456011,2.35567537064761,0,"historic"
477,2016-01-09,-0.307551724137931,11.3273448275862,5.00874303374628,190.5746671,0,0.129174668732731,39.1008807,2.33881361865097,0,"historic"
478,2016-02-08,-1.0987,15.5973333333333,6.71500892857143,6.8444538,0,0.130384578627996,20.7519207,2.31856504238224,0,"historic"
479,2016-03-08,6.032,24.1548275862069,14.8750747126437,0,0,0.130692413121896,0,2.29578185669592,0,"historic"
480,2016-04-07,6.4752,23.915,15.5014777777778,0,0,0.132614921043121,0,2.23419809856215,0,"historic"
481,2016-05-06,9.61193103448276,25.9251724137931,18.2091968390805,3.6406671,3.4950404,0.133263296134437,3.4950404,2.20668336529577,1,"historic"
482,2016-06-04,13.3644827586207,30.3037931034483,22.7370833333333,2.1844003,2.1844003,0.134343606350879,5.6794407,2.17995648358547,1,"historic"
483,2016-07-04,19.3723333333333,35.2593333333333,27.3998611111111,35.0960268,35.0960268,0.159053288356963,40.7754675,2.14720619142877,1,"historic"
484,2016-08-02,19.9296551724138,34.7472413793103,27.1393103448276,104.9968311,104.1230711,0.238367894477065,141.4034982,2.07890287520734,1,"historic"
485,2016-09-01,17.3316666666667,32.104,24.1674583333333,39.6104542,38.2998142,0.24696856728529,177.5189121,2.03319780089548,0,"historic"
486,2016-09-30,14.9862068965517,29.9296551724138,22.0348994252874,68.444531,67.2795176,0.280493041837999,209.7024029,2.06162223396414,1,"historic"
487,2016-10-30,12.3884333333333,29.4716666666667,20.5846986111111,4.951306,4.514426,0.245926648261786,110.0937578,2.11985752947875,1,"historic"
488,2016-11-29,6.1318,20.883,13.2572777777778,5.6726667,3.6406667,0.181299430902658,75.4346103,2.14258235513282,1,"historic"
489,2016-12-28,2.08427586206897,15.5744482758621,8.32403591954023,26.924,11.43,0.155720937413796,19.5850927,2.16912862381389,1,"historic"
490,2017-01-27,1.89906666666667,13.9531333333333,7.55748888888889,44.196,9.652,0.137762163946458,24.7226667,2.17650620913235,1,"historic"
491,2017-02-26,3.22006666666667,19.0753333333333,10.5668402777778,19.05,8.636,0.137515738101439,29.718,2.18332953411189,1,"historic"
492,2017-03-27,8.15079310344828,25.1262068965517,16.7191451149425,0.762,0.762,0.187704196184624,19.05,2.23841880925339,0,"historic"
493,2017-04-26,9.42453333333333,27.1643333333333,18.9714527777778,0.508,0,0.161897870704106,9.398,2.26705338382306,0,"historic"
494,2017-05-25,11.7475862068966,28.9137931034483,21.2836379310345,0.1456267,0.1456267,0.144183126517014,0.9076267,2.2768929039892,0,"historic"
495,2017-06-24,18.4626666666667,36.3653333333333,28.0530972222222,0,0,0.14283207376068,0.1456267,2.26067168939291,1,"historic"
496,2017-07-23,20.1548275862069,34.7534482758621,27.287025862069,53.9360522,48.1109852,0.137041226168627,48.2566119,2.15934502108448,0,"historic"
497,2017-08-21,18.4313793103448,32.0396551724138,24.6419827586207,75.182,74.674,0.248187334473565,122.7849852,2.16056378827275,0,"historic"
498,2017-09-20,16.995,32.9316666666667,24.88775,12.446,4.572,0.244050953440086,127.3569852,2.12412169987484,0,"historic"
499,2017-10-19,13.7027586206897,29.9051724137931,21.6153591954023,4.572,4.572,0.200410952637623,83.818,2.07860600425068,1,"historic"
500,2017-11-18,9.32176666666667,26.2213333333333,17.2683222222222,3.302,3.302,0.154369186081601,12.446,2.05167575942962,1,"historic"
501,2017-12-18,3.91596666666667,18.511,10.6596722222222,15.494,0,0.155035857836151,7.874,2.05099067985197,1,"historic"
502,2018-01-17,2.6722,17.5267,9.37766805555555,1.016,1.016,0.130082801646267,4.318,2.04331131755178,1,"historic"
503,2018-02-15,2.75979310344828,19.1510344827586,10.5719813218391,8.128,8.128,0.137207661954424,9.144,2.04300324140477,1,"historic"
504,2018-03-16,3.63289655172414,18.8171724137931,11.1408994252874,11.938,2.032,0.130915133333731,11.176,1.98621417855387,1,"historic"
505,2018-04-15,8.76873333333333,25.751,17.5854833333333,1.016,1.016,0.120513420036276,11.176,1.94482972788604,1,"historic"
506,2018-05-14,13.0204827586207,29.9634482758621,22.2140344827586,0.508,0.508,0.116352278480735,3.556,1.91699887984976,1,"historic"
507,2018-06-13,16.0993333333333,35.1243333333333,26.6023194444444,1.778,1.778,0.118709639340732,3.302,1.89287644542982,1,"historic"
508,2018-07-12,19.3837931034483,35.1375862068966,27.7197844827586,38.1,38.1,0.113919276855494,40.386,1.86975449611668,1,"historic"
509,2018-08-11,20.816,35.777,27.9241111111111,14.986,14.986,0.13723096079207,54.864,1.75879812243519,0,"historic"
510,2018-09-09,18.25,32.6862068965517,24.9176436781609,41.908,41.908,0.16189216775518,94.994,1.67663933675028,1,"historic"
511,2018-10-09,16.1532,31.381,23.7177347222222,29.714,29.714,0.174317472045503,86.608,1.65054585615816,0,"historic"
512,2018-11-07,9.11020689655172,20.8579310344828,14.6400675287356,53.594,45.72,0.185033321658577,117.342,1.68120999173514,0,"historic"
513,2018-12-07,2.32243333333333,17.2046666666667,9.32087638888889,41.148,35.56,0.156950262183696,110.994,1.68312439608268,0,"historic"
514,2019-01-05,0.537344827586207,12.2154137931034,5.99308189655172,22.352,1.524,0.0469460000640846,82.804,1.5999875945005,0,"historic"
515,2019-02-04,2.50916666666667,15.7916666666667,8.47698888888889,5.842,0,0.250298914594914,37.084,1.71307884714099,0,"historic"
516,2019-03-06,1.2836,16.8564666666667,8.93747916666667,9.144,1.016,0.278635094567379,2.54,1.86079880837464,0,"historic"
517,2019-04-04,4.68858620689655,20.8272413793103,13.107683908046,21.082,2.032,0.267752673116304,3.048,2.00803806145467,0,"historic"
518,2019-05-04,9.83533333333333,26.6493333333333,18.8530694444444,6.096,6.096,0.182333193735986,9.144,2.07401897670992,0,"historic"
519,2019-06-02,11.6538965517241,27.7437931034483,20.4673692528736,6.604,6.604,0.159012162590449,14.732,2.11432149995964,0,"historic"
520,2019-07-02,17.6736666666667,35.501,27.3467777777778,8.636,8.636,0.157273157866764,21.336,2.15767538097091,0,"historic"
521,2019-07-31,20.1537931034483,36.6196551724138,28.2153448275862,38.608,38.608,0.173473597742126,53.848,2.19391801792096,0,"historic"
522,2019-08-30,20.3633333333333,35.922,27.6673611111111,34.032,34.032,0.190906386421406,81.276,2.22293223658719,0,"historic"
523,2019-09-28,17.6065517241379,30.9137931034483,23.9887931034483,59.182,58.42,0.183275553454192,131.06,2.23189031799588,0,"historic"
524,2019-10-28,10.7713666666667,26.9686666666667,18.6318013888889,3.302,3.302,0.198666295161422,95.754,2.24552329149872,0,"historic"
525,2019-11-26,5.41027586206897,20.1810344827586,12.299400862069,18.034,17.78,0.119717863420635,79.502,2.20829089273566,0,"historic"
526,2019-12-26,2.2161,13.9407333333333,7.44316805555556,90.678,17.272,0.100325326058375,38.354,2.26167021872995,0,"historic"
527,2020-01-24,0.300034482758621,14.1488965517241,6.59015804597701,14.478,3.81,0.246840440308809,38.862,2.25821174444385,0,"historic"
528,2020-02-23,2.19593333333333,16.6999,8.90230833333333,13.462,2.286,0.312608333585597,23.368,2.29218498346206,0,"historic"
529,2020-03-23,4.68955172413793,18.6441379310345,11.5896451149425,50.292,49.784,0.389717477883228,55.88,2.41414978822899,0,"historic"
530,2020-04-22,6.46283333333333,23.667,15.5750708333333,0.254,0.254,0.305135502607744,52.324,2.53695209710075,0,"historic"
531,2020-05-21,13.8768965517241,32.5944827586207,23.97875,0,0,0.231902704306,50.038,2.6098426388163,0,"historic"
532,2020-06-20,17.209,35.267,27.0118888888889,0.254,0.254,0.229797989675938,0.508,2.68236747062547,0,"historic"
533,2020-07-20,20.5413333333333,37.588,29.2115694444444,11.938,11.938,0.230308802640305,12.192,2.73920267552365,0,"historic"
534,2020-08-18,20.9168965517241,36.2444827586207,28.356566091954,43.176,43.176,0.256012139469024,55.368,2.80430842857127,0,"historic"
535,2020-09-17,18.0753333333333,34.19,25.9182777777778,13.208,9.906,0.226574222110713,65.02,2.84760709722779,0,"historic"
536,2020-10-16,14.6306896551724,33.151724137931,23.7836637931034,0,0,0.21484987827989,53.082,2.86379068034626,0,"historic"
537,2020-11-15,7.96333333333333,24.6916666666667,15.9684208333333,0.762,0.254,0.199440114905385,10.16,2.94351293183101,0,"historic"
538,2020-12-14,3.13862068965517,18.724724137931,10.3071954022989,0.254,0.254,0.173681430089816,0.508,3.01686903586245,0,"historic"
539,2021-01-13,-1.41203333333333,14.7142,6.07099861111111,0.508,0,0.16588958743339,0.508,2.93591818298703,0,"historic"
540,2021-02-11,2.41658620689655,16.6074482758621,9.16080459770115,0.508,0.254,0.151363873888208,0.508,2.77467372328964,0,"historic"
541,2021-03-13,1.77873333333333,18.8253333333333,10.3623541666667,0,0,0.146969206829757,0.254,2.53192545223617,0,"historic"
542,2021-04-11,7.08606896551724,23.8044827586207,15.7219899425287,0,0,0.143060798483206,0.254,2.36985074811163,0,"historic"
543,2021-05-11,10.9391,27.281,19.7656416666667,0,0,0.141211084768613,0,2.27915912857424,0,"historic"
544,2021-06-09,15.5603103448276,33.1034482758621,25.2793692528736,0,0,0.229554477745009,0,2.27891561664332,0,"historic"
545,2021-07-08,20.6279310344828,36.0448275862069,28.3678304597701,23.3002666666667,23.3002666666667,0.143842723361065,23.3002666666667,2.19244953736408,0,"historic"
546,2021-08-07,19.2426666666667,33.733,25.8504583333333,114.89944,114.89944,0.199888050532117,138.199706666667,2.13632544842717,0,"historic"
547,2021-09-05,17.9989655172414,31.4444827586207,23.829367816092,85.5119466666667,80.12376,0.366767407882306,218.323466666667,2.27651863419876,0,"historic"
548,2021-10-05,15.5506666666667,31.1653333333333,22.8919583333333,60.45,56.894,0.312195712189145,251.9172,2.37386446810802,0,"historic"
549,2021-11-04,8.74233333333333,26.5643333333333,17.5030555555556,0,0,0.233515210471207,137.01776,2.40793956367384,0,"historic"
550,2021-12-04,6.7398,22.3766666666667,13.8202986111111,1.016,0,0.181965305510295,56.894,2.41622343909432,0,"historic"
551,2022-01-02,2.35144827586207,16.6523103448276,9.18087931034483,30.226,23.876,0.17381617312694,23.876,2.42415002478787,0,"historic"
552,2022-01-31,0.636379310344828,15.4318965517241,7.36420977011494,4.318,3.302,0.152866632115,27.178,2.42565278301466,0,"historic"
553,2022-03-02,0.381733333333333,17.1979333333333,8.63758472222222,8.382,0,0.148178833663292,27.178,2.4268624098482,0,"historic"
554,2022-04-01,4.8436,21.7793333333333,13.5149180555556,5.588,5.588,0.141346361905906,8.89,2.4251479732709,0,"historic"
555,2022-04-30,9.96131034482759,28.798275862069,20.2459899425287,0,0,0.135273489146216,5.588,2.4192103776485,0,"historic"
556,2022-05-29,14.728275862069,33.1586206896552,24.7853304597701,0,0,0.135751650959153,5.588,2.32540755086264,0,"historic"
557,2022-06-28,18.884,35.0653333333333,27.2849583333333,84.332,84.332,0.145706985824878,84.332,2.32727181332646,0,"historic"
558,2022-07-28,20.5426666666667,35.9603333333333,27.6172361111111,73.406,73.406,0.216123830213634,157.738,2.34350759300797,0,"historic"
559,2022-08-26,18.3627586206897,31.3313793103448,24.0055316091954,117.652186666667,101.908186666667,0.31230908537758,259.646186666667,2.28904927050325,0,"historic"
560,2022-09-25,15.951,31.4646666666667,23.1387361111111,42.37736,42.37736,0.365150670494495,217.691546666667,2.3420042288086,0,"historic"
561,2022-10-24,11.7125862068966,25.1362068965517,17.9211867816092,48.258,45.464,0.268917309545849,189.749546666667,2.37740632788324,0,"historic"
562,2022-11-23,2.4749,19.6836666666667,10.643075,0.762,0,0.225967139500967,87.84136,2.42140816187391,0,"historic"
563,2022-12-22,1.39961538461538,15.5728461538462,7.58476282051282,24.892,13.716,0.170084213687066,59.18,2.41767620243404,0,"historic"
